person_name,email,followers,platform,category,country,hashtags
Chris Smith,chris.smith@yahoo.com,230429,Instagram,tech,UK,#tech #influencer #trending
Skyler Brown,skyler.brown@influencerhub.io,147740,Instagram,food,India,#food #influencer #trending
Cameron Young,cameron.young@gmail.com,256115,YouTube,education,Mexico,#education #influencer #trending
Harper Miller,harper.miller@influencerhub.io,472654,YouTube,fashion,UAE,#fashion #influencer #trending
Casey Lewis,casey.lewis@yahoo.com,138149,Instagram,beauty,Brazil,#beauty #influencer #trending
Chris Brown,chris.brown@influencerhub.io,138151,Instagram,beauty,Singapore,#beauty #influencer #trending
Sam Johnson,sam.johnson@influencerhub.io,491613,YouTube,music,Netherlands,#music #influencer #trending
Taylor King,taylor.king@yahoo.com,278508,Twitter,beauty,Italy,#beauty #influencer #trending
Elliot Garcia,elliot.garcia@gmail.com,117168,Instagram,travel,Brazil,#travel #influencer #trending
Taylor Miller,taylor.miller@gmail.com,237944,YouTube,beauty,Japan,#beauty #influencer #trending
Casey Lopez,casey.lopez@yahoo.com,117666,Instagram,tech,Germany,#tech #influencer #trending
Casey King,casey.king@outlook.com,117475,Instagram,travel,France,#travel #influencer #trending
Skyler Miller,skyler.miller@yahoo.com,192793,Twitter,fashion,UAE,#fashion #influencer #trending
Cameron Johnson,cameron.johnson@yahoo.com,42646,YouTube,food,India,#food #influencer #trending
Elliot Moore,elliot.moore@outlook.com,48657,TikTok,gaming,France,#gaming #influencer #trending
Jamie Wilson,jamie.wilson@outlook.com,109798,Instagram,education,Australia,#education #influencer #trending
Sam Green,sam.green@influencerhub.io,80098,Twitter,beauty,France,#beauty #influencer #trending
Cameron Martinez,cameron.martinez@influencerhub.io,202799,Instagram,tech,USA,#tech #influencer #trending
Jamie Davis,jamie.davis@influencerhub.io,86196,YouTube,music,France,#music #influencer #trending
Reese Young,reese.young@yahoo.com,60559,LinkedIn,fashion,Singapore,#fashion #influencer #trending
Chris King,chris.king@yahoo.com,454046,TikTok,tech,Canada,#tech #influencer #trending
Avery Lewis,avery.lewis@outlook.com,138962,YouTube,travel,Mexico,#travel #influencer #trending
Devin Davis,devin.davis@gmail.com,170632,Twitter,education,Germany,#education #influencer #trending
Morgan Martinez,morgan.martinez@yahoo.com,60034,TikTok,education,Australia,#education #influencer #trending
Alex Moore,alex.moore@influencerhub.io,111182,Instagram,beauty,Netherlands,#beauty #influencer #trending
Avery Miller,avery.miller@gmail.com,175895,Instagram,tech,Italy,#tech #influencer #trending
Taylor Hall,taylor.hall@gmail.com,72715,LinkedIn,fitness,Australia,#fitness #influencer #trending
Jamie Hall,jamie.hall@outlook.com,211713,Instagram,finance,Singapore,#finance #influencer #trending
Harper Garcia,harper.garcia@outlook.com,106889,TikTok,beauty,France,#beauty #influencer #trending
Reese Young,reese.young@influencerhub.io,132695,Instagram,tech,Brazil,#tech #influencer #trending
Riley Smith,riley.smith@outlook.com,106809,YouTube,tech,USA,#tech #influencer #trending
Jordan Miller,jordan.miller@gmail.com,595165,Twitter,beauty,Singapore,#beauty #influencer #trending
Taylor Young,taylor.young@outlook.com,161224,Instagram,food,Japan,#food #influencer #trending
Skyler Martinez,skyler.martinez@influencerhub.io,77621,Instagram,music,Japan,#music #influencer #trending
Morgan Lee,morgan.lee@gmail.com,289462,TikTok,music,Canada,#music #influencer #trending
Harper Walker,harper.walker@gmail.com,69245,TikTok,tech,Spain,#tech #influencer #trending
Jordan Clark,jordan.clark@yahoo.com,188377,TikTok,food,India,#food #influencer #trending
Morgan Garcia,morgan.garcia@influencerhub.io,41284,Instagram,travel,UK,#travel #influencer #trending
Reese Miller,reese.miller@gmail.com,64232,YouTube,education,Singapore,#education #influencer #trending
Chris Johnson,chris.johnson@gmail.com,186801,LinkedIn,food,Netherlands,#food #influencer #trending
Casey Lewis,casey.lewis@influencerhub.io,272917,YouTube,music,Singapore,#music #influencer #trending
Jordan Davis,jordan.davis@influencerhub.io,183497,Instagram,travel,France,#travel #influencer #trending
Reese Anderson,reese.anderson@influencerhub.io,150098,TikTok,education,Mexico,#education #influencer #trending
Peyton Martinez,peyton.martinez@outlook.com,131824,Instagram,finance,USA,#finance #influencer #trending
Skyler Johnson,skyler.johnson@yahoo.com,57816,Instagram,gaming,Italy,#gaming #influencer #trending
Devin Young,devin.young@outlook.com,98332,Instagram,tech,Australia,#tech #influencer #trending
Casey Brown,casey.brown@gmail.com,117895,TikTok,music,Brazil,#music #influencer #trending
Chris Green,chris.green@outlook.com,341118,YouTube,finance,USA,#finance #influencer #trending
Taylor Lewis,taylor.lewis@yahoo.com,207012,LinkedIn,beauty,Brazil,#beauty #influencer #trending
Cameron Wilson,cameron.wilson@influencerhub.io,47376,Instagram,travel,Spain,#travel #influencer #trending
Reese Moore,reese.moore@gmail.com,204200,Instagram,finance,Italy,#finance #influencer #trending
Chris Brown,chris.brown@outlook.com,124298,YouTube,beauty,UK,#beauty #influencer #trending
Taylor Miller,taylor.miller@yahoo.com,101331,Instagram,education,Japan,#education #influencer #trending
Avery Young,avery.young@gmail.com,249739,TikTok,travel,Australia,#travel #influencer #trending
Chris Martinez,chris.martinez@yahoo.com,334937,Instagram,education,India,#education #influencer #trending
Jamie Wilson,jamie.wilson@yahoo.com,312355,TikTok,beauty,Mexico,#beauty #influencer #trending
Morgan Wilson,morgan.wilson@influencerhub.io,90449,Instagram,fashion,Netherlands,#fashion #influencer #trending
Taylor Lewis,taylor.lewis@yahoo.com,131078,Instagram,fitness,Canada,#fitness #influencer #trending
Sam Davis,sam.davis@influencerhub.io,205229,YouTube,education,France,#education #influencer #trending
Alex Lee,alex.lee@gmail.com,322185,LinkedIn,fitness,Mexico,#fitness #influencer #trending
Skyler Johnson,skyler.johnson@yahoo.com,116375,YouTube,music,UK,#music #influencer #trending
Jamie Johnson,jamie.johnson@yahoo.com,142919,YouTube,fashion,Netherlands,#fashion #influencer #trending
Dakota Garcia,dakota.garcia@outlook.com,75024,TikTok,education,Canada,#education #influencer #trending
Harper Martinez,harper.martinez@outlook.com,70449,Twitter,fitness,UAE,#fitness #influencer #trending
Harper Smith,harper.smith@outlook.com,287439,TikTok,music,Canada,#music #influencer #trending
Cameron Wilson,cameron.wilson@outlook.com,420570,TikTok,music,India,#music #influencer #trending
Jordan Hall,jordan.hall@outlook.com,154754,Instagram,gaming,Netherlands,#gaming #influencer #trending
Dakota Anderson,dakota.anderson@outlook.com,328559,Instagram,food,Spain,#food #influencer #trending
Rowan Moore,rowan.moore@yahoo.com,209639,Twitter,travel,UAE,#travel #influencer #trending
Dakota Young,dakota.young@influencerhub.io,103612,TikTok,education,Singapore,#education #influencer #trending
Riley Smith,riley.smith@gmail.com,209604,Twitter,fitness,Germany,#fitness #influencer #trending
Elliot Wilson,elliot.wilson@gmail.com,477646,Instagram,beauty,France,#beauty #influencer #trending
Riley Lewis,riley.lewis@gmail.com,158723,YouTube,food,Italy,#food #influencer #trending
Sam Johnson,sam.johnson@influencerhub.io,486625,Instagram,education,Netherlands,#education #influencer #trending
Morgan Lopez,morgan.lopez@influencerhub.io,26008,Instagram,beauty,Spain,#beauty #influencer #trending
Riley Lee,riley.lee@yahoo.com,289332,YouTube,music,Spain,#music #influencer #trending
Riley Clark,riley.clark@yahoo.com,172980,YouTube,music,Brazil,#music #influencer #trending
Rowan Davis,rowan.davis@yahoo.com,132018,YouTube,fashion,Singapore,#fashion #influencer #trending
Avery Anderson,avery.anderson@outlook.com,173551,YouTube,finance,Italy,#finance #influencer #trending
Riley Walker,riley.walker@influencerhub.io,40485,YouTube,education,Brazil,#education #influencer #trending
Peyton Davis,peyton.davis@gmail.com,139557,Instagram,finance,Spain,#finance #influencer #trending
Riley Brown,riley.brown@outlook.com,208976,TikTok,food,Brazil,#food #influencer #trending
Jamie Smith,jamie.smith@gmail.com,457954,Instagram,finance,Japan,#finance #influencer #trending
Taylor Walker,taylor.walker@influencerhub.io,113233,Twitter,food,Italy,#food #influencer #trending
Rowan Hall,rowan.hall@influencerhub.io,92415,Instagram,fashion,Spain,#fashion #influencer #trending
Chris Lewis,chris.lewis@outlook.com,114550,Instagram,education,Mexico,#education #influencer #trending
Reese Johnson,reese.johnson@outlook.com,308902,Twitter,gaming,India,#gaming #influencer #trending
Jamie Walker,jamie.walker@yahoo.com,204868,LinkedIn,gaming,Netherlands,#gaming #influencer #trending
Devin Lewis,devin.lewis@influencerhub.io,112326,Twitter,gaming,Mexico,#gaming #influencer #trending
Reese Wilson,reese.wilson@outlook.com,233115,Twitter,education,Germany,#education #influencer #trending
Peyton Miller,peyton.miller@yahoo.com,174199,YouTube,travel,Mexico,#travel #influencer #trending
Cameron Wilson,cameron.wilson@yahoo.com,320632,Instagram,tech,Australia,#tech #influencer #trending
Jamie Martinez,jamie.martinez@outlook.com,99564,YouTube,food,UK,#food #influencer #trending
Taylor Lewis,taylor.lewis@influencerhub.io,129396,Instagram,music,Japan,#music #influencer #trending
Jordan Garcia,jordan.garcia@influencerhub.io,123688,YouTube,finance,UAE,#finance #influencer #trending
Alex Green,alex.green@influencerhub.io,58427,YouTube,travel,Canada,#travel #influencer #trending
Rowan Lewis,rowan.lewis@outlook.com,200242,YouTube,music,Germany,#music #influencer #trending
Peyton Smith,peyton.smith@influencerhub.io,195387,Instagram,music,Spain,#music #influencer #trending
Casey Walker,casey.walker@outlook.com,163338,LinkedIn,fashion,Australia,#fashion #influencer #trending
Rowan Green,rowan.green@gmail.com,138107,Instagram,fitness,France,#fitness #influencer #trending
Reese Davis,reese.davis@gmail.com,60429,Instagram,food,Canada,#food #influencer #trending
Reese Moore,reese.moore@yahoo.com,121242,TikTok,travel,France,#travel #influencer #trending
Harper Wilson,harper.wilson@gmail.com,128040,YouTube,education,Mexico,#education #influencer #trending
Jordan Lopez,jordan.lopez@outlook.com,92818,TikTok,fashion,UAE,#fashion #influencer #trending
Alex Miller,alex.miller@outlook.com,145379,Twitter,fitness,Italy,#fitness #influencer #trending
Cameron Martinez,cameron.martinez@influencerhub.io,215957,TikTok,food,Italy,#food #influencer #trending
Reese Wilson,reese.wilson@yahoo.com,609460,Instagram,tech,Italy,#tech #influencer #trending
Casey Anderson,casey.anderson@gmail.com,183910,YouTube,travel,Netherlands,#travel #influencer #trending
Elliot Clark,elliot.clark@influencerhub.io,194908,LinkedIn,tech,Brazil,#tech #influencer #trending
Elliot Miller,elliot.miller@gmail.com,154490,TikTok,finance,Germany,#finance #influencer #trending
Chris Green,chris.green@gmail.com,42483,YouTube,beauty,France,#beauty #influencer #trending
Taylor Young,taylor.young@yahoo.com,159761,Instagram,gaming,France,#gaming #influencer #trending
Chris Lewis,chris.lewis@yahoo.com,169763,TikTok,gaming,Singapore,#gaming #influencer #trending
Jamie Lewis,jamie.lewis@outlook.com,912797,TikTok,travel,Spain,#travel #influencer #trending
Skyler Hall,skyler.hall@influencerhub.io,142250,YouTube,finance,Mexico,#finance #influencer #trending
Sam Moore,sam.moore@outlook.com,201004,Twitter,travel,India,#travel #influencer #trending
Reese Miller,reese.miller@influencerhub.io,158847,YouTube,music,Spain,#music #influencer #trending
Riley Smith,riley.smith@influencerhub.io,71820,Twitter,gaming,UK,#gaming #influencer #trending
Morgan Lopez,morgan.lopez@yahoo.com,362208,YouTube,finance,Netherlands,#finance #influencer #trending
Sam King,sam.king@gmail.com,275502,YouTube,tech,Brazil,#tech #influencer #trending
Cameron Lewis,cameron.lewis@influencerhub.io,283147,YouTube,gaming,Brazil,#gaming #influencer #trending
Peyton Walker,peyton.walker@gmail.com,86114,Instagram,music,Brazil,#music #influencer #trending
Cameron Anderson,cameron.anderson@yahoo.com,434502,YouTube,beauty,Australia,#beauty #influencer #trending
Harper King,harper.king@yahoo.com,61004,YouTube,travel,Japan,#travel #influencer #trending
Avery Wilson,avery.wilson@outlook.com,245438,Instagram,beauty,Brazil,#beauty #influencer #trending
Chris King,chris.king@outlook.com,754129,Instagram,gaming,Mexico,#gaming #influencer #trending
Sam Green,sam.green@yahoo.com,81358,LinkedIn,food,Singapore,#food #influencer #trending
Avery Miller,avery.miller@yahoo.com,109490,Instagram,education,USA,#education #influencer #trending
Jamie Wilson,jamie.wilson@gmail.com,174513,LinkedIn,travel,Australia,#travel #influencer #trending
Jamie Hall,jamie.hall@gmail.com,114412,Twitter,travel,Italy,#travel #influencer #trending
Peyton Hall,peyton.hall@influencerhub.io,54969,YouTube,travel,USA,#travel #influencer #trending
Peyton Lee,peyton.lee@gmail.com,170756,YouTube,finance,India,#finance #influencer #trending
Jordan Martinez,jordan.martinez@outlook.com,77372,TikTok,tech,Germany,#tech #influencer #trending
Cameron Lee,cameron.lee@influencerhub.io,226729,TikTok,finance,UAE,#finance #influencer #trending
Cameron Young,cameron.young@influencerhub.io,85511,YouTube,travel,Japan,#travel #influencer #trending
Elliot Lewis,elliot.lewis@yahoo.com,481640,YouTube,finance,USA,#finance #influencer #trending
Chris Garcia,chris.garcia@outlook.com,94063,Instagram,fitness,India,#fitness #influencer #trending
Cameron Davis,cameron.davis@gmail.com,129904,Instagram,gaming,France,#gaming #influencer #trending
Peyton Anderson,peyton.anderson@gmail.com,287639,Instagram,travel,Mexico,#travel #influencer #trending
Reese Brown,reese.brown@outlook.com,68761,LinkedIn,finance,UAE,#finance #influencer #trending
Morgan Lewis,morgan.lewis@gmail.com,190845,YouTube,fitness,Spain,#fitness #influencer #trending
Sam Martinez,sam.martinez@gmail.com,406362,Instagram,travel,UAE,#travel #influencer #trending
Elliot Anderson,elliot.anderson@influencerhub.io,52826,Instagram,travel,Mexico,#travel #influencer #trending
Rowan Wilson,rowan.wilson@influencerhub.io,185209,YouTube,fashion,Italy,#fashion #influencer #trending
Harper Moore,harper.moore@yahoo.com,195226,Instagram,finance,Brazil,#finance #influencer #trending
Elliot Smith,elliot.smith@yahoo.com,281327,YouTube,fitness,UAE,#fitness #influencer #trending
Peyton Young,peyton.young@influencerhub.io,68468,Twitter,finance,UK,#finance #influencer #trending
Harper Hall,harper.hall@gmail.com,64581,YouTube,beauty,France,#beauty #influencer #trending
Riley Lee,riley.lee@outlook.com,234534,Instagram,gaming,Mexico,#gaming #influencer #trending
Avery Clark,avery.clark@gmail.com,200363,YouTube,travel,Canada,#travel #influencer #trending
Riley Lee,riley.lee@influencerhub.io,193947,Twitter,fashion,Singapore,#fashion #influencer #trending
Skyler Walker,skyler.walker@influencerhub.io,207422,Instagram,beauty,Australia,#beauty #influencer #trending
Peyton Walker,peyton.walker@gmail.com,101111,Instagram,fitness,Australia,#fitness #influencer #trending
Avery Walker,avery.walker@influencerhub.io,191487,Instagram,finance,Spain,#finance #influencer #trending
Cameron Davis,cameron.davis@yahoo.com,199815,YouTube,music,Australia,#music #influencer #trending
Taylor Miller,taylor.miller@gmail.com,98711,YouTube,fitness,India,#fitness #influencer #trending
Peyton Anderson,peyton.anderson@yahoo.com,600814,YouTube,gaming,Japan,#gaming #influencer #trending
Cameron Walker,cameron.walker@outlook.com,226768,YouTube,finance,Netherlands,#finance #influencer #trending
Devin Martinez,devin.martinez@gmail.com,70691,Instagram,music,UAE,#music #influencer #trending
Riley Young,riley.young@yahoo.com,257709,Twitter,travel,Germany,#travel #influencer #trending
Elliot Green,elliot.green@influencerhub.io,82266,Twitter,education,Japan,#education #influencer #trending
Peyton Lopez,peyton.lopez@yahoo.com,282365,YouTube,music,Australia,#music #influencer #trending
Reese Moore,reese.moore@outlook.com,366230,LinkedIn,finance,Brazil,#finance #influencer #trending
Rowan Miller,rowan.miller@influencerhub.io,91630,Instagram,gaming,Mexico,#gaming #influencer #trending
Rowan Clark,rowan.clark@outlook.com,319452,YouTube,fitness,USA,#fitness #influencer #trending
Devin Green,devin.green@yahoo.com,217280,Twitter,gaming,Singapore,#gaming #influencer #trending
Chris Young,chris.young@influencerhub.io,289364,Instagram,music,UK,#music #influencer #trending
Jamie Brown,jamie.brown@influencerhub.io,614002,TikTok,beauty,Germany,#beauty #influencer #trending
Rowan Brown,rowan.brown@yahoo.com,137067,Twitter,education,Singapore,#education #influencer #trending
Rowan Moore,rowan.moore@influencerhub.io,96027,Twitter,finance,USA,#finance #influencer #trending
Taylor Miller,taylor.miller@yahoo.com,87320,LinkedIn,tech,Mexico,#tech #influencer #trending
Harper Lee,harper.lee@gmail.com,91943,YouTube,travel,Mexico,#travel #influencer #trending
Alex Johnson,alex.johnson@yahoo.com,154203,TikTok,beauty,Germany,#beauty #influencer #trending
Dakota Lewis,dakota.lewis@outlook.com,206655,Instagram,finance,France,#finance #influencer #trending
Casey Davis,casey.davis@outlook.com,197537,Instagram,music,Singapore,#music #influencer #trending
Cameron Hall,cameron.hall@outlook.com,290403,Instagram,travel,Spain,#travel #influencer #trending
Reese Wilson,reese.wilson@gmail.com,164242,Twitter,travel,Japan,#travel #influencer #trending
Skyler Davis,skyler.davis@gmail.com,450211,YouTube,finance,Canada,#finance #influencer #trending
Avery Lewis,avery.lewis@yahoo.com,135231,YouTube,food,Germany,#food #influencer #trending
Rowan Hall,rowan.hall@gmail.com,1092652,Instagram,beauty,Italy,#beauty #influencer #trending
Elliot Anderson,elliot.anderson@yahoo.com,252197,Instagram,music,Singapore,#music #influencer #trending
Sam Smith,sam.smith@gmail.com,89320,Twitter,gaming,Mexico,#gaming #influencer #trending
Avery Miller,avery.miller@yahoo.com,76908,Instagram,finance,Brazil,#finance #influencer #trending
Sam Martinez,sam.martinez@gmail.com,228143,Twitter,fashion,Spain,#fashion #influencer #trending
Avery Walker,avery.walker@gmail.com,139187,YouTube,fitness,Mexico,#fitness #influencer #trending
Taylor Anderson,taylor.anderson@yahoo.com,268283,TikTok,food,UK,#food #influencer #trending
Jamie King,jamie.king@yahoo.com,226673,YouTube,travel,Netherlands,#travel #influencer #trending
Casey Wilson,casey.wilson@influencerhub.io,154665,LinkedIn,beauty,Germany,#beauty #influencer #trending
Chris Walker,chris.walker@gmail.com,89971,Instagram,music,Brazil,#music #influencer #trending
Skyler Lopez,skyler.lopez@gmail.com,56365,TikTok,travel,USA,#travel #influencer #trending
Skyler Lee,skyler.lee@influencerhub.io,119066,YouTube,travel,Mexico,#travel #influencer #trending
Elliot Clark,elliot.clark@yahoo.com,296404,Instagram,gaming,Brazil,#gaming #influencer #trending
Alex King,alex.king@yahoo.com,189068,Twitter,tech,Brazil,#tech #influencer #trending
Reese Anderson,reese.anderson@influencerhub.io,68048,Instagram,fashion,USA,#fashion #influencer #trending
Avery Hall,avery.hall@gmail.com,183730,Instagram,education,Netherlands,#education #influencer #trending
Jamie Clark,jamie.clark@influencerhub.io,213143,YouTube,education,Mexico,#education #influencer #trending
Harper Green,harper.green@outlook.com,87666,Twitter,tech,Spain,#tech #influencer #trending
Peyton Lewis,peyton.lewis@yahoo.com,181245,Instagram,food,Canada,#food #influencer #trending
Reese Walker,reese.walker@outlook.com,169523,Twitter,beauty,India,#beauty #influencer #trending
Skyler Lopez,skyler.lopez@gmail.com,73124,YouTube,tech,Brazil,#tech #influencer #trending
Reese Brown,reese.brown@outlook.com,209075,TikTok,fashion,Italy,#fashion #influencer #trending
Jordan Moore,jordan.moore@outlook.com,240999,LinkedIn,finance,UAE,#finance #influencer #trending
Morgan Brown,morgan.brown@outlook.com,347366,YouTube,food,Singapore,#food #influencer #trending
Riley Martinez,riley.martinez@gmail.com,340326,Instagram,fitness,UK,#fitness #influencer #trending
Skyler Wilson,skyler.wilson@outlook.com,62046,Instagram,fashion,Singapore,#fashion #influencer #trending
Jamie Smith,jamie.smith@yahoo.com,84416,TikTok,finance,Brazil,#finance #influencer #trending
Riley Smith,riley.smith@outlook.com,233403,Instagram,music,UK,#music #influencer #trending
Devin Lee,devin.lee@gmail.com,233199,YouTube,beauty,UAE,#beauty #influencer #trending
Devin Green,devin.green@gmail.com,233405,YouTube,finance,Brazil,#finance #influencer #trending
Jordan Young,jordan.young@yahoo.com,2414280,YouTube,fashion,USA,#fashion #influencer #trending
Peyton Clark,peyton.clark@influencerhub.io,242710,TikTok,gaming,Japan,#gaming #influencer #trending
Taylor Brown,taylor.brown@yahoo.com,360373,TikTok,fitness,India,#fitness #influencer #trending
Sam Green,sam.green@yahoo.com,317362,YouTube,education,Italy,#education #influencer #trending
Avery Walker,avery.walker@influencerhub.io,256779,Instagram,tech,Mexico,#tech #influencer #trending
Skyler Garcia,skyler.garcia@influencerhub.io,130523,YouTube,music,Brazil,#music #influencer #trending
Riley Walker,riley.walker@influencerhub.io,276863,YouTube,beauty,India,#beauty #influencer #trending
Harper Moore,harper.moore@yahoo.com,94752,YouTube,gaming,UK,#gaming #influencer #trending
Taylor Brown,taylor.brown@gmail.com,137892,Instagram,beauty,India,#beauty #influencer #trending
Jamie King,jamie.king@gmail.com,115872,YouTube,education,Australia,#education #influencer #trending
Riley Lee,riley.lee@influencerhub.io,172355,YouTube,music,Spain,#music #influencer #trending
Jordan Anderson,jordan.anderson@yahoo.com,822629,YouTube,education,Italy,#education #influencer #trending
Morgan Martinez,morgan.martinez@influencerhub.io,44042,Instagram,beauty,India,#beauty #influencer #trending
Skyler Lopez,skyler.lopez@gmail.com,263124,TikTok,food,Italy,#food #influencer #trending
Harper King,harper.king@gmail.com,52633,TikTok,travel,Spain,#travel #influencer #trending
Alex Davis,alex.davis@yahoo.com,116967,TikTok,beauty,Germany,#beauty #influencer #trending
Dakota Smith,dakota.smith@outlook.com,348803,Twitter,music,Italy,#music #influencer #trending
Taylor Martinez,taylor.martinez@gmail.com,170245,Instagram,food,Australia,#food #influencer #trending
Rowan Lewis,rowan.lewis@influencerhub.io,76540,YouTube,travel,Canada,#travel #influencer #trending
Riley Green,riley.green@gmail.com,98645,Twitter,fitness,UK,#fitness #influencer #trending
Jordan Brown,jordan.brown@yahoo.com,261900,YouTube,gaming,France,#gaming #influencer #trending
Reese Lewis,reese.lewis@yahoo.com,97610,Instagram,tech,Australia,#tech #influencer #trending
Dakota Lewis,dakota.lewis@gmail.com,189381,Instagram,finance,Spain,#finance #influencer #trending
Peyton Young,peyton.young@yahoo.com,168030,Instagram,finance,France,#finance #influencer #trending
Jordan Smith,jordan.smith@outlook.com,103143,Instagram,fitness,Brazil,#fitness #influencer #trending
Sam Anderson,sam.anderson@yahoo.com,729971,Instagram,music,Japan,#music #influencer #trending
Casey Martinez,casey.martinez@influencerhub.io,253658,YouTube,education,Brazil,#education #influencer #trending
Skyler Lopez,skyler.lopez@gmail.com,39434,YouTube,fashion,Mexico,#fashion #influencer #trending
Harper Smith,harper.smith@influencerhub.io,185445,LinkedIn,beauty,Singapore,#beauty #influencer #trending
Elliot Lewis,elliot.lewis@influencerhub.io,102411,TikTok,travel,France,#travel #influencer #trending
Chris Clark,chris.clark@gmail.com,295582,LinkedIn,finance,UK,#finance #influencer #trending
Reese Lopez,reese.lopez@gmail.com,93455,YouTube,food,India,#food #influencer #trending
Harper Green,harper.green@influencerhub.io,150194,YouTube,travel,France,#travel #influencer #trending
Riley Miller,riley.miller@yahoo.com,231767,TikTok,education,India,#education #influencer #trending
Chris Young,chris.young@outlook.com,298351,Twitter,beauty,Canada,#beauty #influencer #trending
Jamie Miller,jamie.miller@gmail.com,70248,Instagram,fitness,Brazil,#fitness #influencer #trending
Jamie Brown,jamie.brown@outlook.com,128778,LinkedIn,gaming,Spain,#gaming #influencer #trending
Reese Green,reese.green@influencerhub.io,116720,TikTok,finance,Netherlands,#finance #influencer #trending
Riley Moore,riley.moore@outlook.com,103019,YouTube,gaming,Japan,#gaming #influencer #trending
Avery Wilson,avery.wilson@gmail.com,560070,YouTube,travel,India,#travel #influencer #trending
Reese Walker,reese.walker@gmail.com,216097,Instagram,travel,Singapore,#travel #influencer #trending
Taylor Brown,taylor.brown@influencerhub.io,67331,YouTube,fashion,Australia,#fashion #influencer #trending
Reese Green,reese.green@outlook.com,309435,Instagram,education,Japan,#education #influencer #trending
Jamie Johnson,jamie.johnson@influencerhub.io,718922,Instagram,beauty,Netherlands,#beauty #influencer #trending
Taylor Young,taylor.young@outlook.com,335281,Instagram,gaming,Mexico,#gaming #influencer #trending
Reese Young,reese.young@outlook.com,56187,YouTube,travel,Netherlands,#travel #influencer #trending
Rowan Lewis,rowan.lewis@yahoo.com,115964,TikTok,beauty,USA,#beauty #influencer #trending
Taylor Moore,taylor.moore@gmail.com,395077,YouTube,travel,France,#travel #influencer #trending
Sam Martinez,sam.martinez@yahoo.com,99174,Instagram,fitness,Spain,#fitness #influencer #trending
Dakota Anderson,dakota.anderson@influencerhub.io,222053,Instagram,tech,Mexico,#tech #influencer #trending
Avery King,avery.king@influencerhub.io,279915,TikTok,fitness,Canada,#fitness #influencer #trending
Devin Brown,devin.brown@influencerhub.io,85063,YouTube,beauty,USA,#beauty #influencer #trending
Avery Davis,avery.davis@outlook.com,156112,YouTube,gaming,UAE,#gaming #influencer #trending
Morgan Miller,morgan.miller@outlook.com,16833,Instagram,tech,Germany,#tech #influencer #trending
Devin King,devin.king@gmail.com,79453,TikTok,finance,Netherlands,#finance #influencer #trending
Jamie Clark,jamie.clark@outlook.com,136380,Instagram,finance,Singapore,#finance #influencer #trending
Casey Walker,casey.walker@gmail.com,67951,YouTube,food,Spain,#food #influencer #trending
Reese Anderson,reese.anderson@influencerhub.io,510266,Instagram,travel,Brazil,#travel #influencer #trending
Peyton Garcia,peyton.garcia@yahoo.com,59808,TikTok,gaming,Italy,#gaming #influencer #trending
Reese Anderson,reese.anderson@influencerhub.io,119607,YouTube,fitness,France,#fitness #influencer #trending
Morgan Martinez,morgan.martinez@yahoo.com,178352,Instagram,beauty,Japan,#beauty #influencer #trending
Skyler Lee,skyler.lee@gmail.com,446364,Instagram,fitness,UAE,#fitness #influencer #trending
Sam Walker,sam.walker@outlook.com,59569,Twitter,food,India,#food #influencer #trending
Reese Lopez,reese.lopez@gmail.com,367403,YouTube,education,France,#education #influencer #trending
Dakota Miller,dakota.miller@influencerhub.io,163924,LinkedIn,food,Canada,#food #influencer #trending
Alex Moore,alex.moore@gmail.com,81874,Twitter,beauty,Spain,#beauty #influencer #trending
Jamie Martinez,jamie.martinez@gmail.com,224913,Instagram,gaming,Singapore,#gaming #influencer #trending
Jamie Hall,jamie.hall@influencerhub.io,187089,TikTok,tech,Netherlands,#tech #influencer #trending
Alex Wilson,alex.wilson@outlook.com,106921,Twitter,finance,Australia,#finance #influencer #trending
Devin Lewis,devin.lewis@gmail.com,170904,TikTok,travel,Brazil,#travel #influencer #trending
Chris Johnson,chris.johnson@outlook.com,124278,YouTube,finance,UAE,#finance #influencer #trending
Reese Brown,reese.brown@gmail.com,176215,Twitter,finance,Japan,#finance #influencer #trending
Skyler Smith,skyler.smith@outlook.com,258717,TikTok,music,Germany,#music #influencer #trending
Alex Lopez,alex.lopez@outlook.com,493960,YouTube,tech,UK,#tech #influencer #trending
Devin Lopez,devin.lopez@gmail.com,68427,LinkedIn,education,Australia,#education #influencer #trending
Devin King,devin.king@gmail.com,724417,YouTube,fashion,Japan,#fashion #influencer #trending
Rowan Lopez,rowan.lopez@yahoo.com,41503,TikTok,tech,Canada,#tech #influencer #trending
Dakota Miller,dakota.miller@gmail.com,146349,TikTok,beauty,Mexico,#beauty #influencer #trending
Jamie Johnson,jamie.johnson@yahoo.com,245689,YouTube,fitness,Singapore,#fitness #influencer #trending
Reese Hall,reese.hall@outlook.com,198133,TikTok,gaming,India,#gaming #influencer #trending
Jordan Anderson,jordan.anderson@outlook.com,105251,Instagram,fashion,Brazil,#fashion #influencer #trending
Riley Anderson,riley.anderson@influencerhub.io,140690,LinkedIn,gaming,Australia,#gaming #influencer #trending
Sam Johnson,sam.johnson@outlook.com,115254,Instagram,fashion,Singapore,#fashion #influencer #trending
Riley Wilson,riley.wilson@gmail.com,107736,TikTok,music,France,#music #influencer #trending
Reese Clark,reese.clark@yahoo.com,294997,LinkedIn,gaming,Japan,#gaming #influencer #trending
Dakota Young,dakota.young@yahoo.com,208962,TikTok,music,Mexico,#music #influencer #trending
Taylor Lewis,taylor.lewis@outlook.com,100203,YouTube,tech,Canada,#tech #influencer #trending
Taylor Moore,taylor.moore@yahoo.com,305504,Instagram,music,Italy,#music #influencer #trending
Casey Walker,casey.walker@yahoo.com,201815,YouTube,beauty,Mexico,#beauty #influencer #trending
Harper Wilson,harper.wilson@gmail.com,287507,Instagram,music,Spain,#music #influencer #trending
Dakota Young,dakota.young@outlook.com,252897,LinkedIn,finance,UK,#finance #influencer #trending
Reese Johnson,reese.johnson@outlook.com,91099,Instagram,beauty,UAE,#beauty #influencer #trending
Dakota Clark,dakota.clark@gmail.com,109960,TikTok,gaming,Spain,#gaming #influencer #trending
Dakota Lopez,dakota.lopez@influencerhub.io,274609,TikTok,fitness,Italy,#fitness #influencer #trending
Devin Lopez,devin.lopez@influencerhub.io,249511,Instagram,food,Germany,#food #influencer #trending
Chris Smith,chris.smith@outlook.com,160390,YouTube,education,France,#education #influencer #trending
Chris Wilson,chris.wilson@yahoo.com,176685,TikTok,finance,Brazil,#finance #influencer #trending
Avery Hall,avery.hall@outlook.com,398062,Instagram,tech,Singapore,#tech #influencer #trending
Reese Davis,reese.davis@influencerhub.io,107570,LinkedIn,beauty,UAE,#beauty #influencer #trending
Dakota Brown,dakota.brown@yahoo.com,238701,Twitter,fitness,Singapore,#fitness #influencer #trending
Casey Lopez,casey.lopez@outlook.com,141275,Instagram,fitness,Brazil,#fitness #influencer #trending
Cameron Hall,cameron.hall@gmail.com,139751,YouTube,beauty,Italy,#beauty #influencer #trending
Reese King,reese.king@outlook.com,351211,TikTok,tech,India,#tech #influencer #trending
Avery Clark,avery.clark@influencerhub.io,290045,YouTube,music,UAE,#music #influencer #trending
Elliot Brown,elliot.brown@outlook.com,287637,LinkedIn,tech,Spain,#tech #influencer #trending
Reese Walker,reese.walker@yahoo.com,405889,Instagram,education,Singapore,#education #influencer #trending
Elliot Davis,elliot.davis@outlook.com,165165,YouTube,fashion,Netherlands,#fashion #influencer #trending
Chris Young,chris.young@outlook.com,262332,Instagram,beauty,UK,#beauty #influencer #trending
Cameron Lopez,cameron.lopez@yahoo.com,130981,Twitter,food,Germany,#food #influencer #trending
Skyler Wilson,skyler.wilson@outlook.com,204212,TikTok,education,Italy,#education #influencer #trending
Taylor Young,taylor.young@outlook.com,148583,YouTube,fitness,Italy,#fitness #influencer #trending
Casey Moore,casey.moore@gmail.com,174189,Twitter,tech,USA,#tech #influencer #trending
Jordan Green,jordan.green@yahoo.com,246868,TikTok,finance,UAE,#finance #influencer #trending
Harper Smith,harper.smith@influencerhub.io,91788,Twitter,travel,Australia,#travel #influencer #trending
Avery Hall,avery.hall@outlook.com,704096,TikTok,music,Spain,#music #influencer #trending
Avery Walker,avery.walker@gmail.com,80481,TikTok,gaming,UK,#gaming #influencer #trending
Harper Hall,harper.hall@influencerhub.io,69568,Instagram,fitness,Italy,#fitness #influencer #trending
Riley Moore,riley.moore@yahoo.com,366105,LinkedIn,beauty,UK,#beauty #influencer #trending
Devin King,devin.king@gmail.com,283272,Instagram,tech,Japan,#tech #influencer #trending
Sam Walker,sam.walker@outlook.com,251924,Instagram,travel,USA,#travel #influencer #trending
Rowan Lewis,rowan.lewis@outlook.com,252670,LinkedIn,fitness,Netherlands,#fitness #influencer #trending
Riley Green,riley.green@yahoo.com,161365,Instagram,gaming,UK,#gaming #influencer #trending
Devin Walker,devin.walker@influencerhub.io,86848,Twitter,fashion,Japan,#fashion #influencer #trending
Taylor Clark,taylor.clark@influencerhub.io,171624,LinkedIn,finance,Brazil,#finance #influencer #trending
Dakota Johnson,dakota.johnson@gmail.com,101314,Instagram,gaming,Italy,#gaming #influencer #trending
Avery King,avery.king@gmail.com,322089,Twitter,fitness,France,#fitness #influencer #trending
Sam Lopez,sam.lopez@influencerhub.io,146834,YouTube,fashion,France,#fashion #influencer #trending
Elliot King,elliot.king@outlook.com,91322,YouTube,tech,Germany,#tech #influencer #trending
Rowan Young,rowan.young@influencerhub.io,129966,TikTok,finance,Germany,#finance #influencer #trending
Chris Martinez,chris.martinez@gmail.com,217303,YouTube,beauty,UAE,#beauty #influencer #trending
Skyler Lopez,skyler.lopez@outlook.com,109687,Instagram,music,Australia,#music #influencer #trending
Devin Johnson,devin.johnson@gmail.com,91532,Instagram,beauty,Mexico,#beauty #influencer #trending
Peyton Young,peyton.young@influencerhub.io,193026,Instagram,education,Netherlands,#education #influencer #trending
Jamie Moore,jamie.moore@yahoo.com,193199,Instagram,travel,Italy,#travel #influencer #trending
Elliot Moore,elliot.moore@influencerhub.io,114135,TikTok,gaming,Germany,#gaming #influencer #trending
Alex Lopez,alex.lopez@yahoo.com,117040,TikTok,finance,France,#finance #influencer #trending
Avery Smith,avery.smith@influencerhub.io,191460,Instagram,finance,Spain,#finance #influencer #trending
Elliot Miller,elliot.miller@gmail.com,59061,YouTube,education,UK,#education #influencer #trending
Rowan Martinez,rowan.martinez@outlook.com,60765,Instagram,tech,Mexico,#tech #influencer #trending
Morgan Smith,morgan.smith@influencerhub.io,98428,Instagram,music,UK,#music #influencer #trending
Morgan Lewis,morgan.lewis@influencerhub.io,140166,Twitter,fashion,Mexico,#fashion #influencer #trending
Jamie Young,jamie.young@outlook.com,202325,YouTube,gaming,Spain,#gaming #influencer #trending
Devin Clark,devin.clark@yahoo.com,457142,LinkedIn,education,Japan,#education #influencer #trending
Riley King,riley.king@yahoo.com,296665,TikTok,travel,Singapore,#travel #influencer #trending
Peyton Garcia,peyton.garcia@outlook.com,145516,Instagram,food,Germany,#food #influencer #trending
Avery Anderson,avery.anderson@outlook.com,160602,TikTok,beauty,Japan,#beauty #influencer #trending
Peyton Lopez,peyton.lopez@yahoo.com,80678,Instagram,education,Italy,#education #influencer #trending
Rowan Clark,rowan.clark@yahoo.com,160659,LinkedIn,fitness,UAE,#fitness #influencer #trending
Avery Johnson,avery.johnson@yahoo.com,132977,LinkedIn,beauty,India,#beauty #influencer #trending
Reese Wilson,reese.wilson@influencerhub.io,204005,Instagram,education,Singapore,#education #influencer #trending
Sam King,sam.king@yahoo.com,91211,Instagram,finance,Italy,#finance #influencer #trending
Cameron Miller,cameron.miller@gmail.com,234109,TikTok,food,Australia,#food #influencer #trending
Cameron Johnson,cameron.johnson@gmail.com,475878,YouTube,gaming,Mexico,#gaming #influencer #trending
Chris Martinez,chris.martinez@gmail.com,150823,LinkedIn,fitness,Netherlands,#fitness #influencer #trending
Harper Hall,harper.hall@influencerhub.io,215603,TikTok,travel,UAE,#travel #influencer #trending
Riley Anderson,riley.anderson@gmail.com,263840,Twitter,finance,India,#finance #influencer #trending
Cameron King,cameron.king@gmail.com,122902,Twitter,music,UK,#music #influencer #trending
Casey Johnson,casey.johnson@influencerhub.io,190396,TikTok,travel,UK,#travel #influencer #trending
Jordan Smith,jordan.smith@yahoo.com,164195,YouTube,beauty,India,#beauty #influencer #trending
Avery Walker,avery.walker@influencerhub.io,174272,Twitter,education,UK,#education #influencer #trending
Reese Wilson,reese.wilson@outlook.com,94740,TikTok,fitness,Canada,#fitness #influencer #trending
Reese Wilson,reese.wilson@outlook.com,165571,Instagram,travel,Canada,#travel #influencer #trending
Elliot Garcia,elliot.garcia@outlook.com,230636,TikTok,music,Spain,#music #influencer #trending
Harper Young,harper.young@yahoo.com,449459,Instagram,tech,Spain,#tech #influencer #trending
Casey Martinez,casey.martinez@influencerhub.io,318535,Instagram,fashion,Brazil,#fashion #influencer #trending
Sam Clark,sam.clark@outlook.com,734707,YouTube,beauty,Germany,#beauty #influencer #trending
Avery Green,avery.green@gmail.com,95116,Instagram,food,Canada,#food #influencer #trending
Jordan Lee,jordan.lee@influencerhub.io,299726,Instagram,education,France,#education #influencer #trending
Avery Lee,avery.lee@yahoo.com,185042,YouTube,food,Brazil,#food #influencer #trending
Jamie Hall,jamie.hall@outlook.com,753784,YouTube,beauty,Italy,#beauty #influencer #trending
Harper King,harper.king@influencerhub.io,92428,TikTok,food,UAE,#food #influencer #trending
Cameron Brown,cameron.brown@influencerhub.io,90417,YouTube,tech,Canada,#tech #influencer #trending
Elliot Lee,elliot.lee@gmail.com,106982,Twitter,education,Netherlands,#education #influencer #trending
Morgan Green,morgan.green@outlook.com,36800,Instagram,education,Singapore,#education #influencer #trending
Reese Lee,reese.lee@outlook.com,112642,TikTok,tech,Japan,#tech #influencer #trending
Devin Walker,devin.walker@gmail.com,95664,YouTube,music,Australia,#music #influencer #trending
Reese Green,reese.green@gmail.com,180823,YouTube,travel,Spain,#travel #influencer #trending
Alex Clark,alex.clark@yahoo.com,206742,TikTok,food,Mexico,#food #influencer #trending
Elliot Brown,elliot.brown@gmail.com,605203,YouTube,tech,Mexico,#tech #influencer #trending
Skyler Johnson,skyler.johnson@gmail.com,316569,LinkedIn,fashion,Japan,#fashion #influencer #trending
Avery Lewis,avery.lewis@outlook.com,108680,TikTok,music,UAE,#music #influencer #trending
Dakota Clark,dakota.clark@influencerhub.io,86778,Twitter,music,Netherlands,#music #influencer #trending
Rowan Brown,rowan.brown@outlook.com,229657,TikTok,tech,Canada,#tech #influencer #trending
Casey King,casey.king@influencerhub.io,64591,YouTube,food,Mexico,#food #influencer #trending
Alex Smith,alex.smith@yahoo.com,586554,YouTube,education,Mexico,#education #influencer #trending
Harper King,harper.king@influencerhub.io,371612,Twitter,gaming,Brazil,#gaming #influencer #trending
Dakota Martinez,dakota.martinez@yahoo.com,117192,Instagram,tech,Netherlands,#tech #influencer #trending
Jordan Lewis,jordan.lewis@gmail.com,49060,Instagram,tech,India,#tech #influencer #trending
Jordan Walker,jordan.walker@gmail.com,419874,Instagram,music,USA,#music #influencer #trending
Reese Miller,reese.miller@outlook.com,150214,TikTok,fashion,UAE,#fashion #influencer #trending
Jamie Young,jamie.young@yahoo.com,387112,Instagram,finance,Netherlands,#finance #influencer #trending
Riley Green,riley.green@yahoo.com,53311,Instagram,fitness,Netherlands,#fitness #influencer #trending
Devin Miller,devin.miller@influencerhub.io,106984,Instagram,education,USA,#education #influencer #trending
Elliot Davis,elliot.davis@influencerhub.io,163353,YouTube,beauty,USA,#beauty #influencer #trending
Rowan Young,rowan.young@yahoo.com,168196,TikTok,fitness,France,#fitness #influencer #trending
Avery Clark,avery.clark@outlook.com,118771,TikTok,food,Japan,#food #influencer #trending
Cameron Anderson,cameron.anderson@outlook.com,251700,TikTok,fashion,Netherlands,#fashion #influencer #trending
Skyler Lewis,skyler.lewis@influencerhub.io,77085,YouTube,music,UK,#music #influencer #trending
Cameron Wilson,cameron.wilson@outlook.com,147315,Instagram,gaming,India,#gaming #influencer #trending
Dakota Brown,dakota.brown@outlook.com,177053,Instagram,finance,France,#finance #influencer #trending
Jordan Brown,jordan.brown@outlook.com,233306,TikTok,education,Italy,#education #influencer #trending
Morgan Hall,morgan.hall@outlook.com,267836,Twitter,travel,Canada,#travel #influencer #trending
Alex Garcia,alex.garcia@outlook.com,74068,LinkedIn,gaming,India,#gaming #influencer #trending
Cameron Garcia,cameron.garcia@influencerhub.io,55610,Twitter,beauty,Australia,#beauty #influencer #trending
Avery Clark,avery.clark@influencerhub.io,398066,YouTube,travel,Canada,#travel #influencer #trending
Sam Lopez,sam.lopez@influencerhub.io,205380,YouTube,gaming,UAE,#gaming #influencer #trending
Riley Garcia,riley.garcia@yahoo.com,96380,Instagram,finance,USA,#finance #influencer #trending
Cameron Martinez,cameron.martinez@gmail.com,482051,Instagram,finance,Netherlands,#finance #influencer #trending
Elliot Lewis,elliot.lewis@yahoo.com,176481,Instagram,food,Canada,#food #influencer #trending
Rowan Green,rowan.green@outlook.com,371575,YouTube,beauty,Spain,#beauty #influencer #trending
Sam Hall,sam.hall@influencerhub.io,170631,YouTube,beauty,Mexico,#beauty #influencer #trending
Casey Martinez,casey.martinez@influencerhub.io,688674,Instagram,education,Netherlands,#education #influencer #trending
Jordan Young,jordan.young@gmail.com,556119,Twitter,fashion,India,#fashion #influencer #trending
Alex Lewis,alex.lewis@outlook.com,136724,Twitter,tech,Brazil,#tech #influencer #trending
Jamie Smith,jamie.smith@outlook.com,321290,YouTube,fashion,Canada,#fashion #influencer #trending
Peyton Hall,peyton.hall@gmail.com,255700,Instagram,music,Australia,#music #influencer #trending
Alex Smith,alex.smith@yahoo.com,424234,YouTube,fashion,Germany,#fashion #influencer #trending
Devin Lewis,devin.lewis@outlook.com,82830,Instagram,education,India,#education #influencer #trending
Jamie Miller,jamie.miller@outlook.com,263085,TikTok,beauty,Germany,#beauty #influencer #trending
Sam Clark,sam.clark@gmail.com,341429,YouTube,gaming,France,#gaming #influencer #trending
Elliot Miller,elliot.miller@outlook.com,47518,Instagram,tech,Singapore,#tech #influencer #trending
Jordan Brown,jordan.brown@influencerhub.io,71091,YouTube,gaming,Australia,#gaming #influencer #trending
Jordan Smith,jordan.smith@outlook.com,39047,Instagram,music,Singapore,#music #influencer #trending
Riley Green,riley.green@gmail.com,134782,Twitter,fashion,Netherlands,#fashion #influencer #trending
Cameron Garcia,cameron.garcia@influencerhub.io,268949,Instagram,tech,Netherlands,#tech #influencer #trending
Sam King,sam.king@gmail.com,465864,Instagram,beauty,Singapore,#beauty #influencer #trending
Alex Garcia,alex.garcia@outlook.com,171419,TikTok,music,Mexico,#music #influencer #trending
Taylor Anderson,taylor.anderson@outlook.com,508912,YouTube,music,Italy,#music #influencer #trending
Skyler Moore,skyler.moore@influencerhub.io,61940,TikTok,tech,UK,#tech #influencer #trending
Devin Lopez,devin.lopez@gmail.com,49396,Instagram,tech,Brazil,#tech #influencer #trending
Riley Clark,riley.clark@yahoo.com,156547,Instagram,gaming,Germany,#gaming #influencer #trending
Peyton Miller,peyton.miller@yahoo.com,212957,YouTube,music,France,#music #influencer #trending
Casey Green,casey.green@influencerhub.io,159072,Instagram,travel,Italy,#travel #influencer #trending
Cameron Brown,cameron.brown@gmail.com,38284,Instagram,fitness,France,#fitness #influencer #trending
Rowan Moore,rowan.moore@yahoo.com,152911,Instagram,travel,USA,#travel #influencer #trending
Reese Lopez,reese.lopez@yahoo.com,65308,Instagram,fitness,India,#fitness #influencer #trending
Harper Walker,harper.walker@influencerhub.io,260086,Instagram,beauty,India,#beauty #influencer #trending
Skyler Brown,skyler.brown@yahoo.com,210369,Twitter,travel,USA,#travel #influencer #trending
Harper Clark,harper.clark@gmail.com,84295,TikTok,food,Australia,#food #influencer #trending
Elliot Young,elliot.young@outlook.com,113583,TikTok,fitness,UK,#fitness #influencer #trending
Sam Anderson,sam.anderson@yahoo.com,77540,YouTube,fitness,India,#fitness #influencer #trending
Harper Wilson,harper.wilson@influencerhub.io,155768,Instagram,tech,UAE,#tech #influencer #trending
Dakota Wilson,dakota.wilson@outlook.com,317616,TikTok,finance,Japan,#finance #influencer #trending
Morgan Walker,morgan.walker@gmail.com,81633,Instagram,music,USA,#music #influencer #trending
Riley Clark,riley.clark@yahoo.com,231615,YouTube,finance,France,#finance #influencer #trending
Jamie Anderson,jamie.anderson@yahoo.com,112287,TikTok,food,Mexico,#food #influencer #trending
Peyton Moore,peyton.moore@outlook.com,93431,LinkedIn,travel,Canada,#travel #influencer #trending
Peyton Green,peyton.green@outlook.com,151006,Instagram,music,Germany,#music #influencer #trending
Dakota Lee,dakota.lee@outlook.com,78852,YouTube,fitness,Australia,#fitness #influencer #trending
Skyler Smith,skyler.smith@influencerhub.io,110464,LinkedIn,gaming,Brazil,#gaming #influencer #trending
Avery Brown,avery.brown@influencerhub.io,70367,TikTok,travel,UK,#travel #influencer #trending
Cameron Wilson,cameron.wilson@outlook.com,643905,TikTok,music,UAE,#music #influencer #trending
Taylor Walker,taylor.walker@influencerhub.io,166822,YouTube,education,Australia,#education #influencer #trending
Harper King,harper.king@gmail.com,99727,TikTok,education,Canada,#education #influencer #trending
Taylor Lee,taylor.lee@outlook.com,189053,TikTok,fitness,Canada,#fitness #influencer #trending
Jordan Green,jordan.green@influencerhub.io,150447,LinkedIn,music,Canada,#music #influencer #trending
Chris Smith,chris.smith@gmail.com,139430,Instagram,education,Australia,#education #influencer #trending
Skyler Green,skyler.green@outlook.com,250175,YouTube,gaming,France,#gaming #influencer #trending
Elliot Young,elliot.young@outlook.com,276580,YouTube,gaming,USA,#gaming #influencer #trending
Chris Anderson,chris.anderson@influencerhub.io,112268,LinkedIn,tech,India,#tech #influencer #trending
Jamie Lopez,jamie.lopez@yahoo.com,108763,YouTube,food,UAE,#food #influencer #trending
Devin Hall,devin.hall@yahoo.com,134250,YouTube,gaming,Japan,#gaming #influencer #trending
Riley Brown,riley.brown@yahoo.com,32488,Instagram,tech,Mexico,#tech #influencer #trending
Alex Moore,alex.moore@gmail.com,56351,TikTok,food,UK,#food #influencer #trending
Devin Davis,devin.davis@outlook.com,423713,Instagram,gaming,France,#gaming #influencer #trending
Cameron Clark,cameron.clark@outlook.com,514770,Instagram,music,Spain,#music #influencer #trending
Rowan Smith,rowan.smith@outlook.com,136717,YouTube,music,France,#music #influencer #trending
Alex Garcia,alex.garcia@outlook.com,243674,Instagram,tech,Mexico,#tech #influencer #trending
Elliot Lee,elliot.lee@outlook.com,202374,YouTube,gaming,Brazil,#gaming #influencer #trending
Chris Wilson,chris.wilson@influencerhub.io,1404534,YouTube,beauty,Spain,#beauty #influencer #trending
Rowan Clark,rowan.clark@gmail.com,356362,YouTube,gaming,Singapore,#gaming #influencer #trending
Casey Anderson,casey.anderson@gmail.com,148814,TikTok,tech,Canada,#tech #influencer #trending
Cameron Anderson,cameron.anderson@gmail.com,83376,Instagram,fitness,Mexico,#fitness #influencer #trending
Devin Clark,devin.clark@influencerhub.io,52864,YouTube,music,Italy,#music #influencer #trending
Harper Davis,harper.davis@influencerhub.io,187667,TikTok,fitness,Mexico,#fitness #influencer #trending
Skyler Davis,skyler.davis@influencerhub.io,95851,Instagram,beauty,UK,#beauty #influencer #trending
Reese Johnson,reese.johnson@yahoo.com,60139,LinkedIn,fitness,Japan,#fitness #influencer #trending
Morgan Clark,morgan.clark@influencerhub.io,103507,YouTube,music,Japan,#music #influencer #trending
Reese Hall,reese.hall@outlook.com,76337,Instagram,food,USA,#food #influencer #trending
Avery Johnson,avery.johnson@yahoo.com,530194,Instagram,fitness,Germany,#fitness #influencer #trending
Reese Green,reese.green@influencerhub.io,301687,YouTube,finance,India,#finance #influencer #trending
Chris Wilson,chris.wilson@yahoo.com,161849,YouTube,fashion,UAE,#fashion #influencer #trending
Reese King,reese.king@outlook.com,458612,LinkedIn,food,India,#food #influencer #trending
Avery Johnson,avery.johnson@influencerhub.io,171812,Instagram,tech,Singapore,#tech #influencer #trending
Reese Lee,reese.lee@outlook.com,89063,Instagram,finance,Mexico,#finance #influencer #trending
Dakota Lewis,dakota.lewis@outlook.com,472686,TikTok,food,UAE,#food #influencer #trending
Morgan Johnson,morgan.johnson@yahoo.com,237337,YouTube,education,Italy,#education #influencer #trending
Casey Moore,casey.moore@yahoo.com,78741,Instagram,education,Germany,#education #influencer #trending
Chris Martinez,chris.martinez@influencerhub.io,142452,Twitter,fitness,Germany,#fitness #influencer #trending
Jamie Miller,jamie.miller@outlook.com,88173,TikTok,food,Singapore,#food #influencer #trending
Rowan Hall,rowan.hall@outlook.com,61823,YouTube,music,Germany,#music #influencer #trending
Rowan Walker,rowan.walker@gmail.com,311241,TikTok,tech,Netherlands,#tech #influencer #trending
Rowan Young,rowan.young@yahoo.com,619452,TikTok,beauty,Netherlands,#beauty #influencer #trending
Reese Hall,reese.hall@yahoo.com,61144,YouTube,tech,Singapore,#tech #influencer #trending
Reese Lopez,reese.lopez@gmail.com,241368,TikTok,food,France,#food #influencer #trending
Harper Garcia,harper.garcia@influencerhub.io,103213,Instagram,travel,Singapore,#travel #influencer #trending
Riley King,riley.king@outlook.com,115729,YouTube,beauty,Japan,#beauty #influencer #trending
Jordan Johnson,jordan.johnson@gmail.com,107508,TikTok,gaming,Singapore,#gaming #influencer #trending
Alex Lee,alex.lee@outlook.com,88894,YouTube,music,USA,#music #influencer #trending
Morgan Martinez,morgan.martinez@yahoo.com,168377,Instagram,travel,Netherlands,#travel #influencer #trending
Taylor Lopez,taylor.lopez@yahoo.com,90974,Instagram,fitness,Spain,#fitness #influencer #trending
Jordan Clark,jordan.clark@yahoo.com,196677,TikTok,food,UAE,#food #influencer #trending
Harper Brown,harper.brown@gmail.com,157130,Instagram,tech,Japan,#tech #influencer #trending
Jamie Green,jamie.green@outlook.com,137686,YouTube,fashion,Japan,#fashion #influencer #trending
Alex Moore,alex.moore@gmail.com,86224,LinkedIn,fitness,France,#fitness #influencer #trending
Peyton Brown,peyton.brown@outlook.com,108690,YouTube,tech,Mexico,#tech #influencer #trending
Chris Moore,chris.moore@yahoo.com,276170,Twitter,music,UK,#music #influencer #trending
Jamie Martinez,jamie.martinez@gmail.com,231108,YouTube,finance,USA,#finance #influencer #trending
Casey Walker,casey.walker@yahoo.com,82101,TikTok,fitness,Spain,#fitness #influencer #trending
Harper Walker,harper.walker@outlook.com,174474,Instagram,fitness,India,#fitness #influencer #trending
Chris Green,chris.green@influencerhub.io,275397,YouTube,beauty,France,#beauty #influencer #trending
Jamie Miller,jamie.miller@yahoo.com,50585,TikTok,education,Brazil,#education #influencer #trending
Avery Smith,avery.smith@yahoo.com,238077,Instagram,education,Italy,#education #influencer #trending
Morgan Clark,morgan.clark@yahoo.com,102351,TikTok,food,UAE,#food #influencer #trending
Peyton Clark,peyton.clark@gmail.com,242660,Instagram,finance,Spain,#finance #influencer #trending
Taylor Young,taylor.young@gmail.com,95389,LinkedIn,beauty,Netherlands,#beauty #influencer #trending
Jamie Clark,jamie.clark@influencerhub.io,46008,YouTube,fitness,Spain,#fitness #influencer #trending
Peyton Brown,peyton.brown@gmail.com,52089,YouTube,travel,USA,#travel #influencer #trending
Morgan Johnson,morgan.johnson@gmail.com,168326,LinkedIn,education,France,#education #influencer #trending
Avery Young,avery.young@influencerhub.io,195205,YouTube,tech,France,#tech #influencer #trending
Skyler King,skyler.king@outlook.com,86420,Instagram,tech,Germany,#tech #influencer #trending
Devin Garcia,devin.garcia@outlook.com,254489,YouTube,finance,France,#finance #influencer #trending
Taylor Anderson,taylor.anderson@influencerhub.io,50865,TikTok,food,Singapore,#food #influencer #trending
Jordan Miller,jordan.miller@gmail.com,155397,LinkedIn,gaming,India,#gaming #influencer #trending
Jordan Anderson,jordan.anderson@outlook.com,69723,Instagram,fitness,Mexico,#fitness #influencer #trending
Alex Davis,alex.davis@influencerhub.io,103126,LinkedIn,education,Australia,#education #influencer #trending
Sam Davis,sam.davis@yahoo.com,168245,Instagram,travel,UAE,#travel #influencer #trending
Chris Smith,chris.smith@yahoo.com,89117,TikTok,education,Germany,#education #influencer #trending
Taylor Wilson,taylor.wilson@gmail.com,124344,YouTube,beauty,Australia,#beauty #influencer #trending
Jordan Hall,jordan.hall@outlook.com,329194,YouTube,tech,Germany,#tech #influencer #trending
Elliot Lee,elliot.lee@outlook.com,108681,TikTok,fashion,USA,#fashion #influencer #trending
Alex Miller,alex.miller@gmail.com,292138,YouTube,fitness,France,#fitness #influencer #trending
Casey Johnson,casey.johnson@influencerhub.io,73806,Instagram,music,Brazil,#music #influencer #trending
Riley Wilson,riley.wilson@gmail.com,235829,YouTube,education,India,#education #influencer #trending
Jordan Davis,jordan.davis@outlook.com,446456,TikTok,music,USA,#music #influencer #trending
Taylor Walker,taylor.walker@yahoo.com,28849,TikTok,beauty,Germany,#beauty #influencer #trending
Taylor King,taylor.king@influencerhub.io,93169,Instagram,travel,Brazil,#travel #influencer #trending
Elliot Anderson,elliot.anderson@outlook.com,243762,YouTube,gaming,Italy,#gaming #influencer #trending
Morgan King,morgan.king@outlook.com,141190,Instagram,music,Netherlands,#music #influencer #trending
Alex Miller,alex.miller@yahoo.com,211039,TikTok,fashion,Mexico,#fashion #influencer #trending
Riley Smith,riley.smith@influencerhub.io,106639,Twitter,travel,Mexico,#travel #influencer #trending
Chris Garcia,chris.garcia@outlook.com,172924,YouTube,fitness,USA,#fitness #influencer #trending
Sam Brown,sam.brown@gmail.com,145950,LinkedIn,education,Netherlands,#education #influencer #trending
Harper Lopez,harper.lopez@influencerhub.io,368592,LinkedIn,finance,India,#finance #influencer #trending
Chris Young,chris.young@outlook.com,194481,TikTok,tech,France,#tech #influencer #trending
Elliot Green,elliot.green@gmail.com,206142,YouTube,food,UK,#food #influencer #trending
Avery Wilson,avery.wilson@yahoo.com,121988,LinkedIn,beauty,France,#beauty #influencer #trending
Riley Walker,riley.walker@yahoo.com,115690,Instagram,fitness,Brazil,#fitness #influencer #trending
Elliot Lee,elliot.lee@outlook.com,120235,Instagram,gaming,Japan,#gaming #influencer #trending
Riley Lewis,riley.lewis@gmail.com,214511,YouTube,food,UAE,#food #influencer #trending
Reese Anderson,reese.anderson@influencerhub.io,121213,Instagram,tech,India,#tech #influencer #trending
Casey Anderson,casey.anderson@gmail.com,199354,Instagram,beauty,Singapore,#beauty #influencer #trending
Jamie Brown,jamie.brown@outlook.com,695774,LinkedIn,education,France,#education #influencer #trending
Jordan Anderson,jordan.anderson@yahoo.com,299475,Twitter,fashion,UK,#fashion #influencer #trending
Rowan Walker,rowan.walker@outlook.com,129544,Instagram,fitness,India,#fitness #influencer #trending
Chris Smith,chris.smith@gmail.com,377320,Twitter,fitness,Brazil,#fitness #influencer #trending
Morgan Clark,morgan.clark@yahoo.com,122314,TikTok,tech,Spain,#tech #influencer #trending
Elliot Green,elliot.green@yahoo.com,39077,Twitter,fashion,India,#fashion #influencer #trending
Taylor Garcia,taylor.garcia@influencerhub.io,80365,TikTok,beauty,India,#beauty #influencer #trending
Chris Johnson,chris.johnson@influencerhub.io,43934,Instagram,finance,Netherlands,#finance #influencer #trending
Harper Clark,harper.clark@influencerhub.io,127254,Instagram,music,Spain,#music #influencer #trending
Casey Lopez,casey.lopez@outlook.com,164866,Twitter,travel,Germany,#travel #influencer #trending
Reese Martinez,reese.martinez@gmail.com,526236,TikTok,food,Italy,#food #influencer #trending
Avery Hall,avery.hall@influencerhub.io,204607,Twitter,fashion,Japan,#fashion #influencer #trending
Taylor Wilson,taylor.wilson@influencerhub.io,139613,Instagram,education,Brazil,#education #influencer #trending
Cameron King,cameron.king@gmail.com,290856,LinkedIn,beauty,UAE,#beauty #influencer #trending
Peyton King,peyton.king@influencerhub.io,34620,YouTube,education,Italy,#education #influencer #trending
Riley Clark,riley.clark@yahoo.com,191938,Instagram,finance,Canada,#finance #influencer #trending
Cameron Smith,cameron.smith@yahoo.com,279178,Instagram,education,Japan,#education #influencer #trending
Dakota Green,dakota.green@outlook.com,57814,LinkedIn,food,India,#food #influencer #trending
Cameron Wilson,cameron.wilson@gmail.com,362444,TikTok,finance,Brazil,#finance #influencer #trending
Rowan Lopez,rowan.lopez@outlook.com,206271,Instagram,beauty,Italy,#beauty #influencer #trending
Dakota Green,dakota.green@gmail.com,121698,TikTok,finance,Canada,#finance #influencer #trending
Elliot Martinez,elliot.martinez@outlook.com,253456,Twitter,gaming,UAE,#gaming #influencer #trending
Skyler Anderson,skyler.anderson@outlook.com,797697,YouTube,fashion,India,#fashion #influencer #trending
Cameron Miller,cameron.miller@gmail.com,184851,YouTube,beauty,USA,#beauty #influencer #trending
Morgan Martinez,morgan.martinez@yahoo.com,193639,TikTok,beauty,Netherlands,#beauty #influencer #trending
Jordan Smith,jordan.smith@outlook.com,118000,YouTube,fitness,Netherlands,#fitness #influencer #trending
Chris Young,chris.young@yahoo.com,89779,LinkedIn,music,Canada,#music #influencer #trending
Elliot Lee,elliot.lee@yahoo.com,291045,Instagram,fitness,UK,#fitness #influencer #trending
Harper Hall,harper.hall@yahoo.com,89387,Instagram,finance,Australia,#finance #influencer #trending
Dakota Miller,dakota.miller@outlook.com,171115,YouTube,travel,Mexico,#travel #influencer #trending
Jamie Davis,jamie.davis@gmail.com,116499,LinkedIn,music,Italy,#music #influencer #trending
Elliot Johnson,elliot.johnson@outlook.com,227586,TikTok,finance,Netherlands,#finance #influencer #trending
Cameron Green,cameron.green@gmail.com,205574,LinkedIn,beauty,UK,#beauty #influencer #trending
Taylor Miller,taylor.miller@yahoo.com,336474,LinkedIn,tech,UK,#tech #influencer #trending
Riley Walker,riley.walker@gmail.com,113890,Instagram,tech,Brazil,#tech #influencer #trending
Dakota Wilson,dakota.wilson@gmail.com,134738,TikTok,music,USA,#music #influencer #trending
Reese Lewis,reese.lewis@outlook.com,82032,Twitter,music,Japan,#music #influencer #trending
Dakota King,dakota.king@influencerhub.io,119252,Instagram,finance,Japan,#finance #influencer #trending
Cameron Davis,cameron.davis@influencerhub.io,211950,Instagram,fashion,Singapore,#fashion #influencer #trending
Avery Smith,avery.smith@yahoo.com,276479,Instagram,tech,India,#tech #influencer #trending
Riley Davis,riley.davis@influencerhub.io,85347,Instagram,education,India,#education #influencer #trending
Taylor Moore,taylor.moore@influencerhub.io,299157,TikTok,fitness,France,#fitness #influencer #trending
Harper Davis,harper.davis@gmail.com,420393,Instagram,food,Brazil,#food #influencer #trending
Harper King,harper.king@yahoo.com,217380,TikTok,food,Germany,#food #influencer #trending
Chris Johnson,chris.johnson@influencerhub.io,605468,YouTube,gaming,Singapore,#gaming #influencer #trending
Jamie Johnson,jamie.johnson@yahoo.com,94688,Instagram,travel,India,#travel #influencer #trending
Peyton Garcia,peyton.garcia@gmail.com,68100,Instagram,travel,UK,#travel #influencer #trending
Taylor Hall,taylor.hall@gmail.com,46858,Instagram,gaming,France,#gaming #influencer #trending
Peyton Wilson,peyton.wilson@gmail.com,463810,TikTok,fitness,France,#fitness #influencer #trending
Dakota Clark,dakota.clark@yahoo.com,257314,Instagram,travel,USA,#travel #influencer #trending
Reese Walker,reese.walker@yahoo.com,156543,Instagram,finance,Germany,#finance #influencer #trending
Jordan Martinez,jordan.martinez@gmail.com,197991,Instagram,education,Canada,#education #influencer #trending
Harper Green,harper.green@outlook.com,74024,YouTube,music,Singapore,#music #influencer #trending
Devin Lewis,devin.lewis@influencerhub.io,901690,YouTube,gaming,Brazil,#gaming #influencer #trending
Avery Brown,avery.brown@influencerhub.io,178163,Twitter,fashion,Mexico,#fashion #influencer #trending
Devin Green,devin.green@outlook.com,175707,Instagram,gaming,UAE,#gaming #influencer #trending
Casey Davis,casey.davis@outlook.com,270502,TikTok,fashion,UK,#fashion #influencer #trending
Harper Brown,harper.brown@influencerhub.io,227910,Instagram,fitness,Singapore,#fitness #influencer #trending
Sam Moore,sam.moore@gmail.com,190368,Instagram,music,Australia,#music #influencer #trending
Skyler Moore,skyler.moore@yahoo.com,93588,YouTube,fashion,Netherlands,#fashion #influencer #trending
Elliot Young,elliot.young@influencerhub.io,226393,Instagram,fitness,UK,#fitness #influencer #trending
Elliot Green,elliot.green@gmail.com,607688,LinkedIn,tech,Italy,#tech #influencer #trending
Avery King,avery.king@yahoo.com,417397,Twitter,music,Germany,#music #influencer #trending
Peyton Green,peyton.green@influencerhub.io,496446,Instagram,music,Germany,#music #influencer #trending
Jamie Clark,jamie.clark@gmail.com,113794,YouTube,beauty,Netherlands,#beauty #influencer #trending
Cameron Johnson,cameron.johnson@influencerhub.io,81411,LinkedIn,beauty,Netherlands,#beauty #influencer #trending
Alex Moore,alex.moore@yahoo.com,149036,Instagram,gaming,Singapore,#gaming #influencer #trending
Chris Miller,chris.miller@outlook.com,169228,Instagram,gaming,Mexico,#gaming #influencer #trending
Riley Wilson,riley.wilson@influencerhub.io,350085,TikTok,food,India,#food #influencer #trending
Reese Garcia,reese.garcia@influencerhub.io,49775,TikTok,education,UAE,#education #influencer #trending
Dakota Johnson,dakota.johnson@outlook.com,474817,Instagram,education,Mexico,#education #influencer #trending
Rowan Martinez,rowan.martinez@gmail.com,145713,Instagram,food,Netherlands,#food #influencer #trending
Jordan Miller,jordan.miller@gmail.com,120714,YouTube,beauty,Netherlands,#beauty #influencer #trending
Morgan Wilson,morgan.wilson@yahoo.com,80139,Twitter,music,Australia,#music #influencer #trending
Chris Smith,chris.smith@outlook.com,51103,YouTube,gaming,Italy,#gaming #influencer #trending
Casey Hall,casey.hall@yahoo.com,289589,YouTube,travel,Singapore,#travel #influencer #trending
Taylor Anderson,taylor.anderson@gmail.com,171325,YouTube,finance,UK,#finance #influencer #trending
Morgan Miller,morgan.miller@outlook.com,65974,TikTok,music,Germany,#music #influencer #trending
Devin Smith,devin.smith@gmail.com,65738,YouTube,fitness,UK,#fitness #influencer #trending
Alex Miller,alex.miller@yahoo.com,128662,TikTok,travel,Germany,#travel #influencer #trending
Harper Clark,harper.clark@yahoo.com,523511,YouTube,gaming,Brazil,#gaming #influencer #trending
Avery Young,avery.young@influencerhub.io,135711,YouTube,education,USA,#education #influencer #trending
Dakota King,dakota.king@yahoo.com,56828,Instagram,gaming,India,#gaming #influencer #trending
Taylor Moore,taylor.moore@yahoo.com,137033,TikTok,travel,Singapore,#travel #influencer #trending
Sam Anderson,sam.anderson@outlook.com,134469,Instagram,food,UAE,#food #influencer #trending
Jordan Clark,jordan.clark@yahoo.com,24641,TikTok,fashion,Mexico,#fashion #influencer #trending
Peyton Anderson,peyton.anderson@yahoo.com,156685,Twitter,music,France,#music #influencer #trending
Jordan Green,jordan.green@outlook.com,138461,YouTube,food,Mexico,#food #influencer #trending
Skyler Hall,skyler.hall@yahoo.com,264962,YouTube,fitness,Singapore,#fitness #influencer #trending
Skyler Davis,skyler.davis@yahoo.com,593783,Instagram,travel,UK,#travel #influencer #trending
Skyler Davis,skyler.davis@yahoo.com,358110,TikTok,beauty,Brazil,#beauty #influencer #trending
Cameron Anderson,cameron.anderson@influencerhub.io,134831,TikTok,beauty,Canada,#beauty #influencer #trending
Sam Green,sam.green@yahoo.com,75014,YouTube,gaming,India,#gaming #influencer #trending
Jordan Green,jordan.green@gmail.com,985941,YouTube,education,Brazil,#education #influencer #trending
Chris Clark,chris.clark@yahoo.com,169643,YouTube,fitness,Singapore,#fitness #influencer #trending
Jamie Garcia,jamie.garcia@yahoo.com,164349,YouTube,gaming,Italy,#gaming #influencer #trending
Jamie Moore,jamie.moore@outlook.com,160029,TikTok,beauty,Japan,#beauty #influencer #trending
Casey Moore,casey.moore@gmail.com,186961,Instagram,food,Germany,#food #influencer #trending
Casey Green,casey.green@outlook.com,147111,YouTube,tech,UAE,#tech #influencer #trending
Jamie Lewis,jamie.lewis@influencerhub.io,108927,YouTube,music,Japan,#music #influencer #trending
Alex Johnson,alex.johnson@outlook.com,110990,TikTok,beauty,USA,#beauty #influencer #trending
Devin Garcia,devin.garcia@gmail.com,159065,TikTok,food,Spain,#food #influencer #trending
Cameron Lopez,cameron.lopez@yahoo.com,111257,Instagram,education,France,#education #influencer #trending
Elliot Anderson,elliot.anderson@outlook.com,98815,Instagram,travel,USA,#travel #influencer #trending
Avery Walker,avery.walker@yahoo.com,175343,YouTube,fitness,Spain,#fitness #influencer #trending
Riley Hall,riley.hall@yahoo.com,136150,TikTok,music,UK,#music #influencer #trending
Alex Miller,alex.miller@outlook.com,466398,TikTok,food,UK,#food #influencer #trending
Alex Green,alex.green@outlook.com,25446,Instagram,fashion,Mexico,#fashion #influencer #trending
Rowan Wilson,rowan.wilson@gmail.com,349428,YouTube,tech,USA,#tech #influencer #trending
Alex Johnson,alex.johnson@gmail.com,389359,YouTube,tech,France,#tech #influencer #trending
Skyler Wilson,skyler.wilson@influencerhub.io,38125,TikTok,fashion,Brazil,#fashion #influencer #trending
Avery Lewis,avery.lewis@gmail.com,128042,TikTok,finance,Germany,#finance #influencer #trending
Jamie Lewis,jamie.lewis@gmail.com,125491,YouTube,tech,Italy,#tech #influencer #trending
Avery Lee,avery.lee@gmail.com,60763,YouTube,food,Italy,#food #influencer #trending
Sam Young,sam.young@outlook.com,94421,YouTube,travel,France,#travel #influencer #trending
Casey Johnson,casey.johnson@influencerhub.io,74801,Twitter,gaming,Mexico,#gaming #influencer #trending
Riley Miller,riley.miller@gmail.com,554925,Instagram,tech,India,#tech #influencer #trending
Elliot Hall,elliot.hall@outlook.com,313318,LinkedIn,education,UAE,#education #influencer #trending
Taylor Lee,taylor.lee@yahoo.com,396364,TikTok,travel,Japan,#travel #influencer #trending
Sam Walker,sam.walker@gmail.com,269728,Instagram,fashion,UK,#fashion #influencer #trending
Avery Lopez,avery.lopez@yahoo.com,73840,YouTube,tech,India,#tech #influencer #trending
Jordan Smith,jordan.smith@outlook.com,112739,TikTok,beauty,UK,#beauty #influencer #trending
Dakota Walker,dakota.walker@yahoo.com,229248,Twitter,beauty,India,#beauty #influencer #trending
Riley Davis,riley.davis@gmail.com,69183,YouTube,travel,Japan,#travel #influencer #trending
Rowan Hall,rowan.hall@influencerhub.io,268095,TikTok,fitness,UAE,#fitness #influencer #trending
Chris Martinez,chris.martinez@gmail.com,137554,LinkedIn,fitness,Singapore,#fitness #influencer #trending
Chris Lewis,chris.lewis@influencerhub.io,125194,TikTok,gaming,Spain,#gaming #influencer #trending
Casey Clark,casey.clark@yahoo.com,267713,TikTok,fitness,Singapore,#fitness #influencer #trending
Peyton Hall,peyton.hall@gmail.com,222122,Twitter,fashion,Japan,#fashion #influencer #trending
Taylor Wilson,taylor.wilson@yahoo.com,126414,Instagram,education,Singapore,#education #influencer #trending
Elliot Green,elliot.green@outlook.com,366418,LinkedIn,beauty,Spain,#beauty #influencer #trending
Devin Young,devin.young@gmail.com,76363,YouTube,food,Mexico,#food #influencer #trending
Peyton Lopez,peyton.lopez@influencerhub.io,250485,Instagram,education,Singapore,#education #influencer #trending
Jordan Smith,jordan.smith@outlook.com,246513,YouTube,gaming,Japan,#gaming #influencer #trending
Casey Brown,casey.brown@influencerhub.io,131047,Instagram,travel,Canada,#travel #influencer #trending
Jordan Young,jordan.young@outlook.com,204493,YouTube,music,France,#music #influencer #trending
Cameron Brown,cameron.brown@influencerhub.io,67793,YouTube,gaming,Italy,#gaming #influencer #trending
Taylor Hall,taylor.hall@influencerhub.io,310773,Instagram,fashion,Japan,#fashion #influencer #trending
Chris Clark,chris.clark@influencerhub.io,142995,Instagram,fashion,Australia,#fashion #influencer #trending
Taylor Anderson,taylor.anderson@outlook.com,112881,TikTok,beauty,Japan,#beauty #influencer #trending
Dakota Johnson,dakota.johnson@outlook.com,339186,Twitter,education,Canada,#education #influencer #trending
Peyton Lopez,peyton.lopez@influencerhub.io,99405,Instagram,food,UAE,#food #influencer #trending
Alex Moore,alex.moore@yahoo.com,60722,Twitter,travel,UAE,#travel #influencer #trending
Skyler Young,skyler.young@yahoo.com,54740,TikTok,fitness,USA,#fitness #influencer #trending
Peyton Martinez,peyton.martinez@influencerhub.io,248750,Instagram,food,Italy,#food #influencer #trending
Morgan Lee,morgan.lee@influencerhub.io,66416,Instagram,food,Singapore,#food #influencer #trending
Riley Lee,riley.lee@influencerhub.io,555906,Instagram,finance,Spain,#finance #influencer #trending
Chris Walker,chris.walker@influencerhub.io,37897,TikTok,fitness,Australia,#fitness #influencer #trending
Peyton Smith,peyton.smith@gmail.com,533662,YouTube,finance,France,#finance #influencer #trending
Peyton Young,peyton.young@outlook.com,188661,TikTok,fitness,UK,#fitness #influencer #trending
Chris Clark,chris.clark@yahoo.com,152101,YouTube,music,France,#music #influencer #trending
Cameron Wilson,cameron.wilson@influencerhub.io,111141,LinkedIn,gaming,Germany,#gaming #influencer #trending
Jamie Martinez,jamie.martinez@influencerhub.io,215215,TikTok,education,Netherlands,#education #influencer #trending
Avery King,avery.king@yahoo.com,158523,TikTok,education,Netherlands,#education #influencer #trending
Morgan Garcia,morgan.garcia@outlook.com,352325,TikTok,beauty,Germany,#beauty #influencer #trending
Jamie Davis,jamie.davis@yahoo.com,176302,TikTok,beauty,UAE,#beauty #influencer #trending
Skyler Hall,skyler.hall@influencerhub.io,180811,TikTok,education,Netherlands,#education #influencer #trending
Avery Lewis,avery.lewis@gmail.com,126180,YouTube,music,USA,#music #influencer #trending
Jamie Johnson,jamie.johnson@gmail.com,156394,Instagram,fitness,UAE,#fitness #influencer #trending
Avery Wilson,avery.wilson@outlook.com,201886,Twitter,travel,Mexico,#travel #influencer #trending
Morgan King,morgan.king@gmail.com,49162,YouTube,tech,Japan,#tech #influencer #trending
Skyler Miller,skyler.miller@influencerhub.io,63339,Instagram,travel,UAE,#travel #influencer #trending
Jordan Clark,jordan.clark@influencerhub.io,273836,YouTube,beauty,UAE,#beauty #influencer #trending
Skyler Johnson,skyler.johnson@gmail.com,183433,TikTok,finance,Brazil,#finance #influencer #trending
Reese Miller,reese.miller@yahoo.com,143087,TikTok,finance,Australia,#finance #influencer #trending
Morgan Garcia,morgan.garcia@yahoo.com,164868,YouTube,tech,Spain,#tech #influencer #trending
Casey Davis,casey.davis@gmail.com,207587,YouTube,travel,France,#travel #influencer #trending
Skyler Wilson,skyler.wilson@outlook.com,111543,Instagram,travel,Singapore,#travel #influencer #trending
Alex Moore,alex.moore@influencerhub.io,94389,TikTok,fashion,UK,#fashion #influencer #trending
Jamie Moore,jamie.moore@gmail.com,186668,TikTok,finance,Spain,#finance #influencer #trending
Avery Hall,avery.hall@yahoo.com,82054,Instagram,beauty,Mexico,#beauty #influencer #trending
Devin Miller,devin.miller@outlook.com,216593,YouTube,education,UAE,#education #influencer #trending
Casey Lewis,casey.lewis@influencerhub.io,49424,Instagram,food,Brazil,#food #influencer #trending
Riley Moore,riley.moore@yahoo.com,334505,Instagram,finance,UAE,#finance #influencer #trending
Devin Hall,devin.hall@gmail.com,226572,Instagram,gaming,Canada,#gaming #influencer #trending
Cameron Miller,cameron.miller@gmail.com,194701,TikTok,music,Canada,#music #influencer #trending
Chris Clark,chris.clark@yahoo.com,323800,YouTube,fashion,Germany,#fashion #influencer #trending
Devin Lopez,devin.lopez@influencerhub.io,522213,YouTube,food,Germany,#food #influencer #trending
Riley Young,riley.young@gmail.com,331061,LinkedIn,education,UK,#education #influencer #trending
Skyler Smith,skyler.smith@gmail.com,44863,Instagram,food,Spain,#food #influencer #trending
Harper Lee,harper.lee@outlook.com,66456,YouTube,music,Mexico,#music #influencer #trending
Taylor Martinez,taylor.martinez@gmail.com,105095,YouTube,fashion,Canada,#fashion #influencer #trending
Taylor Brown,taylor.brown@gmail.com,165754,Instagram,education,Germany,#education #influencer #trending
Taylor Green,taylor.green@outlook.com,233832,Twitter,music,France,#music #influencer #trending
Reese Clark,reese.clark@influencerhub.io,97927,Instagram,tech,France,#tech #influencer #trending
Skyler Smith,skyler.smith@gmail.com,185486,TikTok,fashion,Italy,#fashion #influencer #trending
Taylor Lopez,taylor.lopez@gmail.com,95916,Instagram,travel,Spain,#travel #influencer #trending
Taylor Anderson,taylor.anderson@influencerhub.io,106078,YouTube,fashion,Singapore,#fashion #influencer #trending
Peyton Davis,peyton.davis@outlook.com,60799,Instagram,education,France,#education #influencer #trending
Avery Martinez,avery.martinez@yahoo.com,85283,TikTok,beauty,Netherlands,#beauty #influencer #trending
Alex King,alex.king@outlook.com,63184,Instagram,finance,USA,#finance #influencer #trending
Rowan King,rowan.king@gmail.com,82198,Instagram,beauty,Mexico,#beauty #influencer #trending
Morgan Lewis,morgan.lewis@outlook.com,340288,Instagram,finance,Brazil,#finance #influencer #trending
Sam Garcia,sam.garcia@gmail.com,83735,Instagram,finance,UAE,#finance #influencer #trending
Jordan King,jordan.king@influencerhub.io,1027528,TikTok,travel,India,#travel #influencer #trending
Taylor Wilson,taylor.wilson@gmail.com,229882,Instagram,gaming,Italy,#gaming #influencer #trending
Riley Lopez,riley.lopez@outlook.com,185235,TikTok,tech,Brazil,#tech #influencer #trending
Avery Brown,avery.brown@outlook.com,89245,Instagram,beauty,Japan,#beauty #influencer #trending
Avery Green,avery.green@outlook.com,265724,YouTube,beauty,Canada,#beauty #influencer #trending
Harper Davis,harper.davis@gmail.com,108776,Instagram,food,UAE,#food #influencer #trending
Harper Wilson,harper.wilson@yahoo.com,177266,Instagram,beauty,Mexico,#beauty #influencer #trending
Peyton Walker,peyton.walker@influencerhub.io,976821,YouTube,gaming,Germany,#gaming #influencer #trending
Skyler Lee,skyler.lee@outlook.com,152170,TikTok,travel,India,#travel #influencer #trending
Jamie King,jamie.king@outlook.com,363847,Instagram,tech,Netherlands,#tech #influencer #trending
Taylor Smith,taylor.smith@gmail.com,99486,TikTok,music,Italy,#music #influencer #trending
Elliot Garcia,elliot.garcia@gmail.com,158817,YouTube,education,Australia,#education #influencer #trending
Peyton Martinez,peyton.martinez@yahoo.com,562170,YouTube,finance,Netherlands,#finance #influencer #trending
Avery Martinez,avery.martinez@influencerhub.io,104937,YouTube,music,India,#music #influencer #trending
Dakota Young,dakota.young@gmail.com,578800,TikTok,finance,Singapore,#finance #influencer #trending
Casey Young,casey.young@outlook.com,267112,YouTube,finance,UK,#finance #influencer #trending
Elliot Martinez,elliot.martinez@influencerhub.io,109784,LinkedIn,food,USA,#food #influencer #trending
Peyton Miller,peyton.miller@gmail.com,253390,Instagram,fashion,Brazil,#fashion #influencer #trending
Morgan Young,morgan.young@yahoo.com,321511,YouTube,gaming,Netherlands,#gaming #influencer #trending
Jordan Johnson,jordan.johnson@yahoo.com,251517,Instagram,travel,Australia,#travel #influencer #trending
Sam Green,sam.green@outlook.com,54222,YouTube,beauty,France,#beauty #influencer #trending
Elliot Brown,elliot.brown@yahoo.com,97831,YouTube,food,Netherlands,#food #influencer #trending
Devin Clark,devin.clark@yahoo.com,136863,TikTok,gaming,Canada,#gaming #influencer #trending
Peyton Smith,peyton.smith@outlook.com,154491,YouTube,tech,Brazil,#tech #influencer #trending
Devin Wilson,devin.wilson@outlook.com,251317,Instagram,beauty,UK,#beauty #influencer #trending
Chris Miller,chris.miller@influencerhub.io,184313,TikTok,tech,Mexico,#tech #influencer #trending
Peyton Hall,peyton.hall@influencerhub.io,63911,Instagram,music,UK,#music #influencer #trending
Alex Miller,alex.miller@gmail.com,212381,Instagram,fitness,Italy,#fitness #influencer #trending
Jamie Young,jamie.young@gmail.com,249548,Twitter,fashion,UK,#fashion #influencer #trending
Casey Wilson,casey.wilson@outlook.com,240831,YouTube,finance,France,#finance #influencer #trending
Elliot Smith,elliot.smith@yahoo.com,346814,LinkedIn,gaming,Brazil,#gaming #influencer #trending
Peyton Hall,peyton.hall@outlook.com,291777,Instagram,finance,France,#finance #influencer #trending
Jamie Green,jamie.green@outlook.com,224453,TikTok,travel,Australia,#travel #influencer #trending
Casey Moore,casey.moore@influencerhub.io,154954,YouTube,food,India,#food #influencer #trending
Rowan Clark,rowan.clark@outlook.com,50885,Instagram,education,Brazil,#education #influencer #trending
Devin Lewis,devin.lewis@outlook.com,219857,TikTok,gaming,UK,#gaming #influencer #trending
Jordan King,jordan.king@gmail.com,188222,Instagram,fitness,Spain,#fitness #influencer #trending
Skyler Smith,skyler.smith@influencerhub.io,196831,YouTube,fashion,Canada,#fashion #influencer #trending
Devin Lewis,devin.lewis@outlook.com,66587,LinkedIn,music,Japan,#music #influencer #trending
Dakota Green,dakota.green@gmail.com,76363,YouTube,gaming,Germany,#gaming #influencer #trending
Cameron Brown,cameron.brown@yahoo.com,340172,YouTube,music,Australia,#music #influencer #trending
Sam Garcia,sam.garcia@gmail.com,158310,TikTok,fashion,UAE,#fashion #influencer #trending
Elliot Young,elliot.young@gmail.com,262249,YouTube,food,France,#food #influencer #trending
Riley Lewis,riley.lewis@yahoo.com,166013,Instagram,finance,France,#finance #influencer #trending
Sam Wilson,sam.wilson@influencerhub.io,166180,YouTube,travel,Italy,#travel #influencer #trending
Rowan Garcia,rowan.garcia@influencerhub.io,313890,YouTube,gaming,Australia,#gaming #influencer #trending
Casey Lopez,casey.lopez@influencerhub.io,113410,Instagram,finance,Germany,#finance #influencer #trending
Dakota Clark,dakota.clark@outlook.com,174082,Twitter,tech,Spain,#tech #influencer #trending
Cameron Walker,cameron.walker@outlook.com,117760,Instagram,music,Australia,#music #influencer #trending
Riley King,riley.king@gmail.com,120072,Instagram,fashion,Spain,#fashion #influencer #trending
Taylor Martinez,taylor.martinez@influencerhub.io,131082,LinkedIn,tech,France,#tech #influencer #trending
Taylor Wilson,taylor.wilson@outlook.com,190135,YouTube,fashion,Italy,#fashion #influencer #trending
Rowan Clark,rowan.clark@yahoo.com,116410,TikTok,fashion,Italy,#fashion #influencer #trending
Casey Hall,casey.hall@influencerhub.io,392004,Instagram,education,Singapore,#education #influencer #trending
Avery Garcia,avery.garcia@gmail.com,87009,TikTok,education,Australia,#education #influencer #trending
Cameron Davis,cameron.davis@gmail.com,142798,YouTube,fashion,Spain,#fashion #influencer #trending
Casey Brown,casey.brown@yahoo.com,119633,TikTok,music,Canada,#music #influencer #trending
Rowan Green,rowan.green@outlook.com,448150,YouTube,tech,Mexico,#tech #influencer #trending
Taylor King,taylor.king@yahoo.com,186761,TikTok,finance,Australia,#finance #influencer #trending
Dakota Lopez,dakota.lopez@yahoo.com,335135,Instagram,gaming,Brazil,#gaming #influencer #trending
Rowan Green,rowan.green@gmail.com,57532,Instagram,education,France,#education #influencer #trending
Chris King,chris.king@gmail.com,196208,YouTube,tech,Canada,#tech #influencer #trending
Devin Wilson,devin.wilson@yahoo.com,303380,TikTok,finance,France,#finance #influencer #trending
Peyton Miller,peyton.miller@yahoo.com,172404,LinkedIn,gaming,Japan,#gaming #influencer #trending
Elliot Smith,elliot.smith@influencerhub.io,343120,Instagram,music,India,#music #influencer #trending
Cameron Miller,cameron.miller@yahoo.com,113311,YouTube,education,Canada,#education #influencer #trending
Skyler Smith,skyler.smith@yahoo.com,436499,Instagram,music,India,#music #influencer #trending
Riley Brown,riley.brown@outlook.com,813603,YouTube,food,Canada,#food #influencer #trending
Elliot Wilson,elliot.wilson@outlook.com,126249,LinkedIn,food,Spain,#food #influencer #trending
Peyton Garcia,peyton.garcia@outlook.com,119151,TikTok,travel,Singapore,#travel #influencer #trending
Morgan Miller,morgan.miller@outlook.com,450164,Twitter,finance,Singapore,#finance #influencer #trending
Dakota Martinez,dakota.martinez@gmail.com,491737,Instagram,gaming,India,#gaming #influencer #trending
Alex King,alex.king@gmail.com,112870,Twitter,finance,Canada,#finance #influencer #trending
Riley Hall,riley.hall@yahoo.com,121281,YouTube,education,UAE,#education #influencer #trending
Sam Clark,sam.clark@outlook.com,133619,TikTok,fashion,UK,#fashion #influencer #trending
Devin Lewis,devin.lewis@influencerhub.io,63505,LinkedIn,education,USA,#education #influencer #trending
Dakota Clark,dakota.clark@outlook.com,85557,YouTube,education,India,#education #influencer #trending
Reese Moore,reese.moore@gmail.com,80587,Instagram,music,Brazil,#music #influencer #trending
Elliot Lee,elliot.lee@yahoo.com,95086,YouTube,travel,Singapore,#travel #influencer #trending
Casey King,casey.king@yahoo.com,158850,Instagram,finance,Japan,#finance #influencer #trending
Riley Lopez,riley.lopez@outlook.com,191750,YouTube,music,Brazil,#music #influencer #trending
Dakota Lopez,dakota.lopez@influencerhub.io,481831,Instagram,finance,UK,#finance #influencer #trending
Jamie Green,jamie.green@outlook.com,80914,TikTok,travel,Mexico,#travel #influencer #trending
Cameron King,cameron.king@influencerhub.io,324170,Twitter,fitness,Brazil,#fitness #influencer #trending
Jamie Hall,jamie.hall@gmail.com,140113,Instagram,fitness,Japan,#fitness #influencer #trending
Devin King,devin.king@yahoo.com,157215,TikTok,travel,Germany,#travel #influencer #trending
Skyler Green,skyler.green@gmail.com,261025,YouTube,fitness,Mexico,#fitness #influencer #trending
Jordan Garcia,jordan.garcia@yahoo.com,74168,YouTube,tech,Spain,#tech #influencer #trending
Reese Moore,reese.moore@yahoo.com,212710,YouTube,education,Australia,#education #influencer #trending
Sam Lopez,sam.lopez@gmail.com,182867,YouTube,finance,Canada,#finance #influencer #trending
Morgan Green,morgan.green@outlook.com,229742,LinkedIn,beauty,Germany,#beauty #influencer #trending
Riley Young,riley.young@influencerhub.io,199270,TikTok,tech,Japan,#tech #influencer #trending
Rowan Anderson,rowan.anderson@influencerhub.io,907737,TikTok,fitness,UK,#fitness #influencer #trending
Riley Lewis,riley.lewis@influencerhub.io,104149,Twitter,tech,India,#tech #influencer #trending
Casey Moore,casey.moore@outlook.com,112229,Instagram,travel,Spain,#travel #influencer #trending
Sam Clark,sam.clark@yahoo.com,105219,Twitter,beauty,UAE,#beauty #influencer #trending
Elliot Young,elliot.young@influencerhub.io,110322,YouTube,fashion,UK,#fashion #influencer #trending
Jamie Miller,jamie.miller@yahoo.com,104175,LinkedIn,tech,Mexico,#tech #influencer #trending
Morgan Davis,morgan.davis@influencerhub.io,374112,Instagram,gaming,India,#gaming #influencer #trending
Skyler Johnson,skyler.johnson@gmail.com,439922,TikTok,tech,Australia,#tech #influencer #trending
Chris Wilson,chris.wilson@outlook.com,109149,Instagram,music,Netherlands,#music #influencer #trending
Avery Miller,avery.miller@outlook.com,90885,TikTok,fitness,Japan,#fitness #influencer #trending
Jamie Young,jamie.young@outlook.com,226384,Instagram,beauty,Spain,#beauty #influencer #trending
Riley Hall,riley.hall@influencerhub.io,110574,LinkedIn,travel,Australia,#travel #influencer #trending
Skyler Walker,skyler.walker@outlook.com,253483,LinkedIn,education,Mexico,#education #influencer #trending
Casey Green,casey.green@influencerhub.io,187596,TikTok,finance,Spain,#finance #influencer #trending
Harper Young,harper.young@yahoo.com,56329,Twitter,education,Japan,#education #influencer #trending
Cameron Brown,cameron.brown@influencerhub.io,480822,Instagram,travel,France,#travel #influencer #trending
Jamie Anderson,jamie.anderson@gmail.com,572125,Instagram,fitness,Singapore,#fitness #influencer #trending
Dakota Anderson,dakota.anderson@influencerhub.io,105984,YouTube,gaming,Mexico,#gaming #influencer #trending
Peyton Anderson,peyton.anderson@gmail.com,124070,TikTok,travel,UAE,#travel #influencer #trending
Cameron Smith,cameron.smith@yahoo.com,198810,Instagram,education,Netherlands,#education #influencer #trending
Harper Clark,harper.clark@outlook.com,205688,Instagram,music,Mexico,#music #influencer #trending
Rowan Miller,rowan.miller@yahoo.com,258068,Instagram,food,Spain,#food #influencer #trending
Devin Wilson,devin.wilson@yahoo.com,664734,TikTok,travel,Australia,#travel #influencer #trending
Harper Garcia,harper.garcia@gmail.com,143793,Instagram,tech,Germany,#tech #influencer #trending
Reese Walker,reese.walker@yahoo.com,93077,TikTok,food,Japan,#food #influencer #trending
Riley Smith,riley.smith@outlook.com,61974,Instagram,fashion,Australia,#fashion #influencer #trending
Casey Lee,casey.lee@yahoo.com,97572,Instagram,gaming,Mexico,#gaming #influencer #trending
Alex Miller,alex.miller@gmail.com,159024,Instagram,food,Japan,#food #influencer #trending
Riley Lewis,riley.lewis@yahoo.com,571597,TikTok,beauty,Japan,#beauty #influencer #trending
Reese Johnson,reese.johnson@yahoo.com,113286,Instagram,fitness,UAE,#fitness #influencer #trending
Jordan Wilson,jordan.wilson@influencerhub.io,190356,Instagram,fitness,Japan,#fitness #influencer #trending
Morgan Wilson,morgan.wilson@influencerhub.io,160894,Twitter,food,India,#food #influencer #trending
Rowan Walker,rowan.walker@outlook.com,373949,TikTok,food,USA,#food #influencer #trending
Reese Lee,reese.lee@outlook.com,954413,YouTube,travel,Spain,#travel #influencer #trending
Riley Davis,riley.davis@gmail.com,112239,TikTok,education,Australia,#education #influencer #trending
Chris Wilson,chris.wilson@influencerhub.io,115542,TikTok,beauty,Brazil,#beauty #influencer #trending
Jordan Garcia,jordan.garcia@gmail.com,338037,Instagram,beauty,France,#beauty #influencer #trending
Alex Davis,alex.davis@yahoo.com,262320,YouTube,food,France,#food #influencer #trending
Alex Johnson,alex.johnson@influencerhub.io,592849,TikTok,beauty,UK,#beauty #influencer #trending
Taylor Miller,taylor.miller@outlook.com,244935,YouTube,finance,Spain,#finance #influencer #trending
Riley Johnson,riley.johnson@gmail.com,126563,YouTube,education,UK,#education #influencer #trending
Chris Martinez,chris.martinez@influencerhub.io,246091,Instagram,beauty,Australia,#beauty #influencer #trending
Reese Garcia,reese.garcia@gmail.com,353660,TikTok,fitness,Canada,#fitness #influencer #trending
Sam Johnson,sam.johnson@influencerhub.io,289044,TikTok,travel,Australia,#travel #influencer #trending
Skyler Hall,skyler.hall@outlook.com,232139,YouTube,beauty,Australia,#beauty #influencer #trending
Riley Walker,riley.walker@yahoo.com,343407,Twitter,education,Italy,#education #influencer #trending
Casey Brown,casey.brown@outlook.com,368983,YouTube,travel,Singapore,#travel #influencer #trending
Skyler Lopez,skyler.lopez@influencerhub.io,428270,Instagram,education,Spain,#education #influencer #trending
Rowan Davis,rowan.davis@gmail.com,256298,TikTok,finance,Canada,#finance #influencer #trending
Cameron Moore,cameron.moore@gmail.com,144786,TikTok,music,Australia,#music #influencer #trending
Morgan Young,morgan.young@influencerhub.io,180358,TikTok,finance,UK,#finance #influencer #trending
Avery Moore,avery.moore@influencerhub.io,378721,TikTok,tech,India,#tech #influencer #trending
Devin Brown,devin.brown@gmail.com,91871,Twitter,fitness,UK,#fitness #influencer #trending
Jordan Garcia,jordan.garcia@gmail.com,210674,YouTube,fashion,India,#fashion #influencer #trending
Elliot Clark,elliot.clark@influencerhub.io,123582,YouTube,finance,Mexico,#finance #influencer #trending
Sam Johnson,sam.johnson@yahoo.com,166062,Instagram,tech,Mexico,#tech #influencer #trending
Alex Garcia,alex.garcia@influencerhub.io,398282,LinkedIn,tech,Singapore,#tech #influencer #trending
Reese Johnson,reese.johnson@yahoo.com,186049,YouTube,music,Netherlands,#music #influencer #trending
Dakota Johnson,dakota.johnson@yahoo.com,168132,YouTube,tech,Mexico,#tech #influencer #trending
Avery Brown,avery.brown@outlook.com,62824,LinkedIn,tech,India,#tech #influencer #trending
Cameron King,cameron.king@influencerhub.io,274409,Instagram,food,Australia,#food #influencer #trending
Elliot Davis,elliot.davis@influencerhub.io,255720,TikTok,finance,UAE,#finance #influencer #trending
Dakota Walker,dakota.walker@influencerhub.io,739905,Twitter,fitness,UK,#fitness #influencer #trending
Skyler Clark,skyler.clark@yahoo.com,131210,TikTok,finance,Australia,#finance #influencer #trending
Reese Lopez,reese.lopez@yahoo.com,189739,YouTube,beauty,Canada,#beauty #influencer #trending
Harper Lewis,harper.lewis@yahoo.com,193797,TikTok,education,Italy,#education #influencer #trending
Morgan Clark,morgan.clark@yahoo.com,491008,YouTube,gaming,Japan,#gaming #influencer #trending
Rowan Smith,rowan.smith@gmail.com,152252,LinkedIn,fashion,Italy,#fashion #influencer #trending
Devin Martinez,devin.martinez@yahoo.com,197860,Instagram,food,Brazil,#food #influencer #trending
Riley Smith,riley.smith@yahoo.com,249079,Twitter,education,Australia,#education #influencer #trending
Elliot Green,elliot.green@outlook.com,185465,Instagram,beauty,Japan,#beauty #influencer #trending
Jamie Martinez,jamie.martinez@yahoo.com,119073,YouTube,food,Italy,#food #influencer #trending
Cameron Wilson,cameron.wilson@yahoo.com,186439,Instagram,finance,France,#finance #influencer #trending
Morgan Brown,morgan.brown@yahoo.com,345083,TikTok,gaming,UK,#gaming #influencer #trending
Elliot Lee,elliot.lee@yahoo.com,79335,Instagram,finance,UAE,#finance #influencer #trending
Rowan Brown,rowan.brown@gmail.com,178631,LinkedIn,beauty,Canada,#beauty #influencer #trending
Harper Lewis,harper.lewis@gmail.com,99699,Twitter,finance,Brazil,#finance #influencer #trending
Alex Clark,alex.clark@gmail.com,375694,Instagram,beauty,USA,#beauty #influencer #trending
Skyler Green,skyler.green@outlook.com,56037,Instagram,food,Mexico,#food #influencer #trending
Jamie Johnson,jamie.johnson@influencerhub.io,110057,LinkedIn,finance,UAE,#finance #influencer #trending
Elliot Young,elliot.young@gmail.com,211937,Instagram,music,Germany,#music #influencer #trending
Jamie Martinez,jamie.martinez@yahoo.com,486925,Instagram,fashion,Italy,#fashion #influencer #trending
Skyler Clark,skyler.clark@yahoo.com,155433,Instagram,music,Australia,#music #influencer #trending
Jamie Martinez,jamie.martinez@influencerhub.io,110344,YouTube,music,Japan,#music #influencer #trending
Elliot Garcia,elliot.garcia@outlook.com,607319,Instagram,music,Germany,#music #influencer #trending
Riley Green,riley.green@gmail.com,59064,Instagram,music,France,#music #influencer #trending
Dakota Lopez,dakota.lopez@outlook.com,34920,Instagram,fashion,Italy,#fashion #influencer #trending
Avery Davis,avery.davis@yahoo.com,221462,TikTok,gaming,UAE,#gaming #influencer #trending
Jamie Walker,jamie.walker@gmail.com,114526,LinkedIn,food,Brazil,#food #influencer #trending
Dakota Martinez,dakota.martinez@gmail.com,79629,Instagram,food,USA,#food #influencer #trending
Jamie Anderson,jamie.anderson@gmail.com,267225,YouTube,tech,UAE,#tech #influencer #trending
Avery Walker,avery.walker@influencerhub.io,193041,Instagram,education,Brazil,#education #influencer #trending
Morgan Garcia,morgan.garcia@yahoo.com,109660,YouTube,fitness,Italy,#fitness #influencer #trending
Alex Clark,alex.clark@gmail.com,66422,Instagram,travel,USA,#travel #influencer #trending
Morgan Wilson,morgan.wilson@gmail.com,299754,YouTube,tech,USA,#tech #influencer #trending
Rowan Wilson,rowan.wilson@yahoo.com,256565,Twitter,travel,USA,#travel #influencer #trending
Rowan Miller,rowan.miller@influencerhub.io,151839,YouTube,tech,Mexico,#tech #influencer #trending
Riley Hall,riley.hall@gmail.com,592819,Instagram,gaming,Australia,#gaming #influencer #trending
Skyler Smith,skyler.smith@gmail.com,76952,Instagram,travel,Australia,#travel #influencer #trending
Riley Hall,riley.hall@influencerhub.io,55945,TikTok,beauty,USA,#beauty #influencer #trending
Dakota Lopez,dakota.lopez@yahoo.com,100274,Instagram,travel,Australia,#travel #influencer #trending
Jordan Wilson,jordan.wilson@influencerhub.io,157643,Twitter,fashion,Singapore,#fashion #influencer #trending
Skyler Wilson,skyler.wilson@outlook.com,192979,Instagram,music,Netherlands,#music #influencer #trending
Jamie Brown,jamie.brown@influencerhub.io,137466,YouTube,finance,Spain,#finance #influencer #trending
Cameron Lewis,cameron.lewis@outlook.com,208238,YouTube,travel,France,#travel #influencer #trending
Riley Walker,riley.walker@outlook.com,67773,Instagram,finance,UK,#finance #influencer #trending
Skyler Garcia,skyler.garcia@outlook.com,447143,Instagram,education,Mexico,#education #influencer #trending
Jamie Lewis,jamie.lewis@outlook.com,153659,TikTok,fitness,Italy,#fitness #influencer #trending
Riley Brown,riley.brown@gmail.com,355793,Instagram,fitness,Singapore,#fitness #influencer #trending
Alex Moore,alex.moore@influencerhub.io,206882,LinkedIn,gaming,Germany,#gaming #influencer #trending
Sam Martinez,sam.martinez@outlook.com,224073,Instagram,fashion,UK,#fashion #influencer #trending
Sam Green,sam.green@outlook.com,242519,YouTube,fashion,Brazil,#fashion #influencer #trending
Dakota Brown,dakota.brown@influencerhub.io,222658,Instagram,finance,Singapore,#finance #influencer #trending
Peyton Lopez,peyton.lopez@outlook.com,255226,Twitter,gaming,Japan,#gaming #influencer #trending
Jamie Davis,jamie.davis@outlook.com,412671,Instagram,fashion,France,#fashion #influencer #trending
Sam Lewis,sam.lewis@outlook.com,186757,TikTok,food,Brazil,#food #influencer #trending
Taylor Davis,taylor.davis@influencerhub.io,267346,Twitter,beauty,Japan,#beauty #influencer #trending
Reese Miller,reese.miller@influencerhub.io,152845,YouTube,finance,USA,#finance #influencer #trending
Rowan Moore,rowan.moore@influencerhub.io,446003,TikTok,finance,Mexico,#finance #influencer #trending
Skyler Young,skyler.young@gmail.com,101369,YouTube,gaming,Japan,#gaming #influencer #trending
Jordan Miller,jordan.miller@influencerhub.io,574157,LinkedIn,education,USA,#education #influencer #trending
Rowan Young,rowan.young@gmail.com,158243,Instagram,music,Japan,#music #influencer #trending
Avery Anderson,avery.anderson@influencerhub.io,59781,Instagram,finance,Germany,#finance #influencer #trending
Jordan Young,jordan.young@outlook.com,178023,YouTube,gaming,Spain,#gaming #influencer #trending
Taylor Young,taylor.young@gmail.com,101039,Instagram,education,Italy,#education #influencer #trending
Jamie Clark,jamie.clark@influencerhub.io,293153,Instagram,fitness,USA,#fitness #influencer #trending
Reese Green,reese.green@outlook.com,103069,Twitter,travel,India,#travel #influencer #trending
Riley Davis,riley.davis@gmail.com,119094,Instagram,gaming,Mexico,#gaming #influencer #trending
Dakota Brown,dakota.brown@influencerhub.io,43361,TikTok,finance,Australia,#finance #influencer #trending
Casey Clark,casey.clark@influencerhub.io,118585,Instagram,beauty,UK,#beauty #influencer #trending
Elliot Martinez,elliot.martinez@outlook.com,29830,Twitter,fashion,UK,#fashion #influencer #trending
Harper Anderson,harper.anderson@yahoo.com,53705,TikTok,travel,Japan,#travel #influencer #trending
Casey Lee,casey.lee@outlook.com,277143,LinkedIn,finance,USA,#finance #influencer #trending
Sam Smith,sam.smith@influencerhub.io,282112,YouTube,education,Japan,#education #influencer #trending
Alex Hall,alex.hall@outlook.com,219217,Instagram,gaming,Spain,#gaming #influencer #trending
Reese Lewis,reese.lewis@influencerhub.io,82711,Instagram,fashion,Italy,#fashion #influencer #trending
Cameron King,cameron.king@yahoo.com,157408,TikTok,food,Australia,#food #influencer #trending
Jordan Davis,jordan.davis@outlook.com,162344,Instagram,fashion,Canada,#fashion #influencer #trending
Jamie Johnson,jamie.johnson@yahoo.com,72340,Instagram,fashion,India,#fashion #influencer #trending
Chris Lewis,chris.lewis@outlook.com,466204,Instagram,finance,Germany,#finance #influencer #trending
Elliot King,elliot.king@outlook.com,300785,LinkedIn,finance,Mexico,#finance #influencer #trending
Dakota Johnson,dakota.johnson@gmail.com,139430,TikTok,beauty,Canada,#beauty #influencer #trending
Rowan Brown,rowan.brown@influencerhub.io,165846,Twitter,travel,India,#travel #influencer #trending
Peyton Martinez,peyton.martinez@gmail.com,188314,TikTok,beauty,Germany,#beauty #influencer #trending
Devin Lewis,devin.lewis@outlook.com,38979,TikTok,fashion,Italy,#fashion #influencer #trending
Chris Green,chris.green@gmail.com,136895,YouTube,finance,Mexico,#finance #influencer #trending
Avery Lewis,avery.lewis@yahoo.com,100973,Instagram,finance,Italy,#finance #influencer #trending
Dakota Martinez,dakota.martinez@influencerhub.io,80730,YouTube,gaming,Spain,#gaming #influencer #trending
Peyton Davis,peyton.davis@outlook.com,133683,TikTok,fashion,Brazil,#fashion #influencer #trending
Chris Smith,chris.smith@influencerhub.io,572850,TikTok,food,India,#food #influencer #trending
Harper Lewis,harper.lewis@gmail.com,254890,Instagram,food,Australia,#food #influencer #trending
Alex Garcia,alex.garcia@yahoo.com,109116,Instagram,travel,India,#travel #influencer #trending
Avery Young,avery.young@yahoo.com,242997,TikTok,beauty,India,#beauty #influencer #trending
